"nombre_archivo","url_descarga","fecha_cargue"
"salidas20260903.zip","https://storage.googleapis.com/validaciones_tmsa/Salidas/salidas20260903.zip","2026-09-04"
"salidas20260902.zip","https://storage.googleapis.com/validaciones_tmsa/Salidas/salidas20260902.zip","2026-09-03"
"salidas20260901.zip","https://storage.googleapis.com/validaciones_tmsa/Salidas/salidas20260901.zip","2026-09-02"
"salidas20260831.zip","https://storage.googleapis.com/validaciones_tmsa/Salidas/salidas20260831.zip","2026-09-01"
"salidas20260830.zip","https://storage.googleapis.com/validaciones_tmsa/Salidas/salidas20260830.zip","2026-08-31"
"salidas20260829.zip","https://storage.googleapis.com/validaciones_tmsa/Salidas/salidas20260829.zip","2026-08-30"
"salidas20260828.zip","https://storage.googleapis.com/validaciones_tmsa/Salidas/salidas20260828.zip","2026-08-29"
"salidas20260827.zip","https://storage.googleapis.com/validaciones_tmsa/Salidas/salidas20260827.zip","2026-08-28"
"salidas20260826.zip","https://storage.googleapis.com/validaciones_tmsa/Salidas/salidas20260826.zip","2026-08-27"
"salidas20260825.zip","https://storage.googleapis.com/validaciones_tmsa/Salidas/salidas20260825.zip","2026-08-26"
"salidas20260824.zip","https://storage.googleapis.com/validaciones_tmsa/Salidas/salidas20260824.zip","2026-08-25"
"salidas20260823.zip","https://storage.googleapis.com/validaciones_tmsa/Salidas/salidas20260823.zip","2026-08-24"
"salidas20260822.zip","https://storage.googleapis.com/validaciones_tmsa/Salidas/salidas20260822.zip","2026-08-23"
"salidas20260821.zip","https://storage.googleapis.com/validaciones_tmsa/Salidas/salidas20260821.zip","2026-08-22"
"salidas20260820.zip","https://storage.googleapis.com/validaciones_tmsa/Salidas/salidas20260820.zip","2026-08-21"
"salidas20260819.zip","https://storage.googleapis.com/validaciones_tmsa/Salidas/salidas20260819.zip","2026-08-20"
"salidas20260818.zip","https://storage.googleapis.com/validaciones_tmsa/Salidas/salidas20260818.zip","2026-08-19"
"salidas20260817.zip","https://storage.googleapis.com/validaciones_tmsa/Salidas/salidas20260817.zip","2026-08-18"
"salidas20260816.zip","https://storage.googleapis.com/validaciones_tmsa/Salidas/salidas20260816.zip","2026-08-17"
"salidas20260815.zip","https://storage.googleapis.com/validaciones_tmsa/Salidas/salidas20260815.zip","2026-08-16"
"salidas20260814.zip","https://storage.googleapis.com/validaciones_tmsa/Salidas/salidas20260814.zip","2026-08-15"
"salidas20260813.zip","https://storage.googleapis.com/validaciones_tmsa/Salidas/salidas20260813.zip","2026-08-14"
"salidas20260812.zip","https://storage.googleapis.com/validaciones_tmsa/Salidas/salidas20260812.zip","2026-08-13"
"salidas20260811.zip","https://storage.googleapis.com/validaciones_tmsa/Salidas/salidas20260811.zip","2026-08-12"
"salidas20260810.zip","https://storage.googleapis.com/validaciones_tmsa/Salidas/salidas20260810.zip","2026-08-11"
"salidas20260809.zip","https://storage.googleapis.com/validaciones_tmsa/Salidas/salidas20260809.zip","2026-08-10"
"salidas20260808.zip","https://storage.googleapis.com/validaciones_tmsa/Salidas/salidas20260808.zip","2026-08-09"
"salidas20260807.zip","https://storage.googleapis.com/validaciones_tmsa/Salidas/salidas20260807.zip","2026-08-08"
"salidas20260806.zip","https://storage.googleapis.com/validaciones_tmsa/Salidas/salidas20260806.zip","2026-08-07"
"salidas20260805.zip","https://storage.googleapis.com/validaciones_tmsa/Salidas/salidas20260805.zip","2026-08-06"
"salidas20260804.zip","https://storage.googleapis.com/validaciones_tmsa/Salidas/salidas20260804.zip","2026-08-05"
"salidas20260803.zip","https://storage.googleapis.com/validaciones_tmsa/Salidas/salidas20260803.zip","2026-08-04"
"salidas20260802.zip","https://storage.googleapis.com/validaciones_tmsa/Salidas/salidas20260802.zip","2026-08-05"
"salidas20260801.zip","https://storage.googleapis.com/validaciones_tmsa/Salidas/salidas20260801.zip","2026-08-02"
"salidas20260731.zip","https://storage.googleapis.com/validaciones_tmsa/Salidas/salidas20260731.zip","2026-08-01"
"salidas20260730.zip","https://storage.googleapis.com/validaciones_tmsa/Salidas/salidas20260730.zip","2026-07-31"
"salidas20260729.zip","https://storage.googleapis.com/validaciones_tmsa/Salidas/salidas20260729.zip","2026-07-30"
"salidas20260728.zip","https://storage.googleapis.com/validaciones_tmsa/Salidas/salidas20260728.zip","2026-07-29"
"salidas20260726.zip","https://storage.googleapis.com/validaciones_tmsa/Salidas/salidas20260726.zip","2026-07-27"
"salidas20260725.zip","https://storage.googleapis.com/validaciones_tmsa/Salidas/salidas20260725.zip","2026-07-26"
"salidas20260724.zip","https://storage.googleapis.com/validaciones_tmsa/Salidas/salidas20260724.zip","2026-07-25"
"salidas20260723.zip","https://storage.googleapis.com/validaciones_tmsa/Salidas/salidas20260723.zip","2026-08-05"
"salidas20260722.zip","https://storage.googleapis.com/validaciones_tmsa/Salidas/salidas20260722.zip","2026-07-23"
"salidas20260721.zip","https://storage.googleapis.com/validaciones_tmsa/Salidas/salidas20260721.zip","2026-07-22"
"salidas20260720.zip","https://storage.googleapis.com/validaciones_tmsa/Salidas/salidas20260720.zip","2026-07-21"
"salidas20260719.zip","https://storage.googleapis.com/validaciones_tmsa/Salidas/salidas20260719.zip","2026-07-20"
"salidas20260718.zip","https://storage.googleapis.com/validaciones_tmsa/Salidas/salidas20260718.zip","2026-07-19"
"salidas20260717.zip","https://storage.googleapis.com/validaciones_tmsa/Salidas/salidas20260717.zip","2026-07-18"
"salidas20260716.zip","https://storage.googleapis.com/validaciones_tmsa/Salidas/salidas20260716.zip","2026-07-17"
"salidas20260715.zip","https://storage.googleapis.com/validaciones_tmsa/Salidas/salidas20260715.zip","2026-07-16"
"salidas20260714.zip","https://storage.googleapis.com/validaciones_tmsa/Salidas/salidas20260714.zip","2026-07-15"
"salidas20260713.zip","https://storage.googleapis.com/validaciones_tmsa/Salidas/salidas20260713.zip","2026-07-14"
"salidas20260712.zip","https://storage.googleapis.com/validaciones_tmsa/Salidas/salidas20260712.zip","2026-07-13"
"salidas20260711.zip","https://storage.googleapis.com/validaciones_tmsa/Salidas/salidas20260711.zip","2026-07-12"
"salidas20260710.zip","https://storage.googleapis.com/validaciones_tmsa/Salidas/salidas20260710.zip","2026-07-11"
"salidas20260709.zip","https://storage.googleapis.com/validaciones_tmsa/Salidas/salidas20260709.zip","2026-07-10"
"salidas20260708.zip","https://storage.googleapis.com/validaciones_tmsa/Salidas/salidas20260708.zip","2026-07-09"
"salidas20260707.zip","https://storage.googleapis.com/validaciones_tmsa/Salidas/salidas20260707.zip","2026-07-08"
"salidas20260706.zip","https://storage.googleapis.com/validaciones_tmsa/Salidas/salidas20260706.zip","2026-07-07"
"salidas20260705.zip","https://storage.googleapis.com/validaciones_tmsa/Salidas/salidas20260705.zip","2026-07-06"
"salidas20260704.zip","https://storage.googleapis.com/validaciones_tmsa/Salidas/salidas20260704.zip","2026-07-06"
"salidas20260703.zip","https://storage.googleapis.com/validaciones_tmsa/Salidas/salidas20260703.zip","2026-07-06"
"salidas20260702.zip","https://storage.googleapis.com/validaciones_tmsa/Salidas/salidas20260702.zip","2026-07-03"
"salidas20260701.zip","https://storage.googleapis.com/validaciones_tmsa/Salidas/salidas20260701.zip","2026-07-03"
"salidas20260630.zip","https://storage.googleapis.com/validaciones_tmsa/Salidas/salidas20260630.zip","2026-07-03"
"salidas20260629.zip","https://storage.googleapis.com/validaciones_tmsa/Salidas/salidas20260629.zip","2026-07-03"
"salidas20260628.zip","https://storage.googleapis.com/validaciones_tmsa/Salidas/salidas20260628.zip","2026-07-03"
"salidas20260627.zip","https://storage.googleapis.com/validaciones_tmsa/Salidas/salidas20260627.zip","2026-07-03"
"salidas20260626.zip","https://storage.googleapis.com/validaciones_tmsa/Salidas/salidas20260626.zip","2026-07-03"
"salidas20260625.zip","https://storage.googleapis.com/validaciones_tmsa/Salidas/salidas20260625.zip","2026-07-03"
"salidas20260624.zip","https://storage.googleapis.com/validaciones_tmsa/Salidas/salidas20260624.zip","2026-07-03"
"salidas20260623.zip","https://storage.googleapis.com/validaciones_tmsa/Salidas/salidas20260623.zip","2026-07-03"
"salidas20260622.zip","https://storage.googleapis.com/validaciones_tmsa/Salidas/salidas20260622.zip","2026-07-03"
"salidas20260621.zip","https://storage.googleapis.com/validaciones_tmsa/Salidas/salidas20260621.zip","2026-07-03"
"salidas20260620.zip","https://storage.googleapis.com/validaciones_tmsa/Salidas/salidas20260620.zip","2026-07-03"
"salidas20260619.zip","https://storage.googleapis.com/validaciones_tmsa/Salidas/salidas20260619.zip","2026-07-03"
"salidas20260618.zip","https://storage.googleapis.com/validaciones_tmsa/Salidas/salidas20260618.zip","2026-07-03"
"salidas20260617.zip","https://storage.googleapis.com/validaciones_tmsa/Salidas/salidas20260617.zip","2026-07-03"
"salidas20260616.zip","https://storage.googleapis.com/validaciones_tmsa/Salidas/salidas20260616.zip","2026-07-03"
"salidas20260615.zip","https://storage.googleapis.com/validaciones_tmsa/Salidas/salidas20260615.zip","2026-07-03"
"salidas20260614.zip","https://storage.googleapis.com/validaciones_tmsa/Salidas/salidas20260614.zip","2026-07-03"
"salidas20260613.zip","https://storage.googleapis.com/validaciones_tmsa/Salidas/salidas20260613.zip","2026-07-03"
"salidas20260612.zip","https://storage.googleapis.com/validaciones_tmsa/Salidas/salidas20260612.zip","2026-07-03"
"salidas20260611.zip","https://storage.googleapis.com/validaciones_tmsa/Salidas/salidas20260611.zip","2026-07-03"
"salidas20260610.zip","https://storage.googleapis.com/validaciones_tmsa/Salidas/salidas20260610.zip","2026-07-03"
"salidas20260609.zip","https://storage.googleapis.com/validaciones_tmsa/Salidas/salidas20260609.zip","2026-06-10"
"salidas20260608.zip","https://storage.googleapis.com/validaciones_tmsa/Salidas/salidas20260608.zip","2026-07-03"
"salidas20260607.zip","https://storage.googleapis.com/validaciones_tmsa/Salidas/salidas20260607.zip","2026-06-11"
"salidas20260606.zip","https://storage.googleapis.com/validaciones_tmsa/Salidas/salidas20260606.zip","2026-06-11"
"salidas20260605.zip","https://storage.googleapis.com/validaciones_tmsa/Salidas/salidas20260605.zip","2026-07-03"
"salidas20260604.zip","https://storage.googleapis.com/validaciones_tmsa/Salidas/salidas20260604.zip","2026-07-03"
"salidas20260603.zip","https://storage.googleapis.com/validaciones_tmsa/Salidas/salidas20260603.zip","2026-07-03"
"salidas20260602.zip","https://storage.googleapis.com/validaciones_tmsa/Salidas/salidas20260602.zip","2026-07-03"
"salidas20260601.zip","https://storage.googleapis.com/validaciones_tmsa/Salidas/salidas20260601.zip","2026-07-03"
"salidas20260531.zip","https://storage.googleapis.com/validaciones_tmsa/Salidas/salidas20260531.zip","2026-06-01"
"salidas20260530.zip","https://storage.googleapis.com/validaciones_tmsa/Salidas/salidas20260530.zip","2026-05-31"
"salidas20260529.zip","https://storage.googleapis.com/validaciones_tmsa/Salidas/salidas20260529.zip","2026-05-30"
"salidas20260528.zip","https://storage.googleapis.com/validaciones_tmsa/Salidas/salidas20260528.zip","2026-05-29"
"salidas20260527.zip","https://storage.googleapis.com/validaciones_tmsa/Salidas/salidas20260527.zip","2026-05-28"
"salidas20260526.zip","https://storage.googleapis.com/validaciones_tmsa/Salidas/salidas20260526.zip","2026-05-27"
"salidas20260525.zip","https://storage.googleapis.com/validaciones_tmsa/Salidas/salidas20260525.zip","2026-05-26"
"salidas20260524.zip","https://storage.googleapis.com/validaciones_tmsa/Salidas/salidas20260524.zip","2026-05-25"
"salidas20260523.zip","https://storage.googleapis.com/validaciones_tmsa/Salidas/salidas20260523.zip","2026-05-24"
"salidas20260522.zip","https://storage.googleapis.com/validaciones_tmsa/Salidas/salidas20260522.zip","2026-05-23"
"salidas20260521.zip","https://storage.googleapis.com/validaciones_tmsa/Salidas/salidas20260521.zip","2026-05-22"
"salidas20260520.zip","https://storage.googleapis.com/validaciones_tmsa/Salidas/salidas20260520.zip","2026-05-21"
"salidas20260519.zip","https://storage.googleapis.com/validaciones_tmsa/Salidas/salidas20260519.zip","2026-05-20"
"salidas20260518.zip","https://storage.googleapis.com/validaciones_tmsa/Salidas/salidas20260518.zip","2026-05-19"
"salidas20260517.zip","https://storage.googleapis.com/validaciones_tmsa/Salidas/salidas20260517.zip","2026-05-18"
"salidas20260516.zip","https://storage.googleapis.com/validaciones_tmsa/Salidas/salidas20260516.zip","2026-05-17"
"salidas20260515.zip","https://storage.googleapis.com/validaciones_tmsa/Salidas/salidas20260515.zip","2026-05-16"
"salidas20260514.zip","https://storage.googleapis.com/validaciones_tmsa/Salidas/salidas20260514.zip","2026-05-15"
"salidas20260513.zip","https://storage.googleapis.com/validaciones_tmsa/Salidas/salidas20260513.zip","2026-05-14"
"salidas20260512.zip","https://storage.googleapis.com/validaciones_tmsa/Salidas/salidas20260512.zip","2026-05-13"
"salidas20260511.zip","https://storage.googleapis.com/validaciones_tmsa/Salidas/salidas20260511.zip","2026-05-12"
"salidas20260510.zip","https://storage.googleapis.com/validaciones_tmsa/Salidas/salidas20260510.zip","2026-05-11"
"salidas20260509.zip","https://storage.googleapis.com/validaciones_tmsa/Salidas/salidas20260509.zip","2026-05-10"
"salidas20260508.zip","https://storage.googleapis.com/validaciones_tmsa/Salidas/salidas20260508.zip","2026-05-09"
"salidas20260507.zip","https://storage.googleapis.com/validaciones_tmsa/Salidas/salidas20260507.zip","2026-05-08"
"salidas20260506.zip","https://storage.googleapis.com/validaciones_tmsa/Salidas/salidas20260506.zip","2026-05-07"
"salidas20260505.zip","https://storage.googleapis.com/validaciones_tmsa/Salidas/salidas20260505.zip","2026-05-06"
"salidas20260504.zip","https://storage.googleapis.com/validaciones_tmsa/Salidas/salidas20260504.zip","2026-05-05"
"salidas20260503.zip","https://storage.googleapis.com/validaciones_tmsa/Salidas/salidas20260503.zip","2026-05-04"
"salidas20260502.zip","https://storage.googleapis.com/validaciones_tmsa/Salidas/salidas20260502.zip","2026-05-03"
"salidas20260501.zip","https://storage.googleapis.com/validaciones_tmsa/Salidas/salidas20260501.zip","2026-05-02"
"salidas20260430.zip","https://storage.googleapis.com/validaciones_tmsa/Salidas/salidas20260430.zip","2026-05-01"
"salidas20260429.zip","https://storage.googleapis.com/validaciones_tmsa/Salidas/salidas20260429.zip","2026-04-30"
"salidas20260428.zip","https://storage.googleapis.com/validaciones_tmsa/Salidas/salidas20260428.zip","2026-04-29"
"salidas20260427.zip","https://storage.googleapis.com/validaciones_tmsa/Salidas/salidas20260427.zip","2026-04-28"
"salidas20260426.zip","https://storage.googleapis.com/validaciones_tmsa/Salidas/salidas20260426.zip","2026-04-27"
"salidas20260425.zip","https://storage.googleapis.com/validaciones_tmsa/Salidas/salidas20260425.zip","2026-04-26"
"salidas20260424.zip","https://storage.googleapis.com/validaciones_tmsa/Salidas/salidas20260424.zip","2026-04-25"
"salidas20260423.zip","https://storage.googleapis.com/validaciones_tmsa/Salidas/salidas20260423.zip","2026-04-24"
"salidas20260422.zip","https://storage.googleapis.com/validaciones_tmsa/Salidas/salidas20260422.zip","2026-04-23"
"salidas20260421.zip","https://storage.googleapis.com/validaciones_tmsa/Salidas/salidas20260421.zip","2026-04-22"
"salidas20260420.zip","https://storage.googleapis.com/validaciones_tmsa/Salidas/salidas20260420.zip","2026-04-21"
"salidas20260419.zip","https://storage.googleapis.com/validaciones_tmsa/Salidas/salidas20260419.zip","2026-04-20"
"salidas20260418.zip","https://storage.googleapis.com/validaciones_tmsa/Salidas/salidas20260418.zip","2026-04-19"
"salidas20260417.zip","https://storage.googleapis.com/validaciones_tmsa/Salidas/salidas20260417.zip","2026-04-18"
"salidas20260416.zip","https://storage.googleapis.com/validaciones_tmsa/Salidas/salidas20260416.zip","2026-04-17"
"salidas20260415.zip","https://storage.googleapis.com/validaciones_tmsa/Salidas/salidas20260415.zip","2026-04-16"
"salidas20260414.zip","https://storage.googleapis.com/validaciones_tmsa/Salidas/salidas20260414.zip","2026-04-15"
"salidas20260413.zip","https://storage.googleapis.com/validaciones_tmsa/Salidas/salidas20260413.zip","2026-04-14"
"salidas20260412.zip","https://storage.googleapis.com/validaciones_tmsa/Salidas/salidas20260412.zip","2026-04-13"
"salidas20260411.zip","https://storage.googleapis.com/validaciones_tmsa/Salidas/salidas20260411.zip","2026-04-14"
"salidas20260410.zip","https://storage.googleapis.com/validaciones_tmsa/Salidas/salidas20260410.zip","2026-04-14"
"salidas20260409.zip","https://storage.googleapis.com/validaciones_tmsa/Salidas/salidas20260409.zip","2026-04-14"
"salidas20260408.zip","https://storage.googleapis.com/validaciones_tmsa/Salidas/salidas20260408.zip","2026-04-09"
"salidas20260407.zip","https://storage.googleapis.com/validaciones_tmsa/Salidas/salidas20260407.zip","2026-04-08"
"salidas20260406.zip","https://storage.googleapis.com/validaciones_tmsa/Salidas/salidas20260406.zip","2026-04-07"
"salidas20260405.zip","https://storage.googleapis.com/validaciones_tmsa/Salidas/salidas20260405.zip","2026-04-06"
"salidas20260404.zip","https://storage.googleapis.com/validaciones_tmsa/Salidas/salidas20260404.zip","2026-04-05"
"salidas20260403.zip","https://storage.googleapis.com/validaciones_tmsa/Salidas/salidas20260403.zip","2026-04-04"
"salidas20260402.zip","https://storage.googleapis.com/validaciones_tmsa/Salidas/salidas20260402.zip","2026-04-03"
"salidas20260401.zip","https://storage.googleapis.com/validaciones_tmsa/Salidas/salidas20260401.zip","2026-04-03"
"salidas20260331.zip","https://storage.googleapis.com/validaciones_tmsa/Salidas/salidas20260331.zip","2026-04-01"
"salidas20260330.zip","https://storage.googleapis.com/validaciones_tmsa/Salidas/salidas20260330.zip","2026-03-31"
"salidas20260329.zip","https://storage.googleapis.com/validaciones_tmsa/Salidas/salidas20260329.zip","2026-03-30"
"salidas20260328.zip","https://storage.googleapis.com/validaciones_tmsa/Salidas/salidas20260328.zip","2026-03-29"
"salidas20260327.zip","https://storage.googleapis.com/validaciones_tmsa/Salidas/salidas20260327.zip","2026-03-28"
"salidas20260326.zip","https://storage.googleapis.com/validaciones_tmsa/Salidas/salidas20260326.zip","2026-03-27"
"salidas20260325.zip","https://storage.googleapis.com/validaciones_tmsa/Salidas/salidas20260325.zip","2026-03-26"
"salidas20260324.zip","https://storage.googleapis.com/validaciones_tmsa/Salidas/salidas20260324.zip","2026-03-25"
"salidas20260323.zip","https://storage.googleapis.com/validaciones_tmsa/Salidas/salidas20260323.zip","2026-03-24"
"salidas20260322.zip","https://storage.googleapis.com/validaciones_tmsa/Salidas/salidas20260322.zip","2026-03-23"
"salidas20260321.zip","https://storage.googleapis.com/validaciones_tmsa/Salidas/salidas20260321.zip","2026-03-22"
"salidas20260320.zip","https://storage.googleapis.com/validaciones_tmsa/Salidas/salidas20260320.zip","2026-03-21"
"salidas20260319.zip","https://storage.googleapis.com/validaciones_tmsa/Salidas/salidas20260319.zip","2026-03-20"
"salidas20260318.zip","https://storage.googleapis.com/validaciones_tmsa/Salidas/salidas20260318.zip","2026-03-19"
"salidas20260317.zip","https://storage.googleapis.com/validaciones_tmsa/Salidas/salidas20260317.zip","2026-03-18"
"salidas20260316.zip","https://storage.googleapis.com/validaciones_tmsa/Salidas/salidas20260316.zip","2026-03-17"
"salidas20260315.zip","https://storage.googleapis.com/validaciones_tmsa/Salidas/salidas20260315.zip","2026-03-16"
"salidas20260314.zip","https://storage.googleapis.com/validaciones_tmsa/Salidas/salidas20260314.zip","2026-03-15"
"salidas20260313.zip","https://storage.googleapis.com/validaciones_tmsa/Salidas/salidas20260313.zip","2026-03-14"
"salidas20260312.zip","https://storage.googleapis.com/validaciones_tmsa/Salidas/salidas20260312.zip","2026-03-13"
"salidas20260311.zip","https://storage.googleapis.com/validaciones_tmsa/Salidas/salidas20260311.zip","2026-03-12"
"salidas20260310.zip","https://storage.googleapis.com/validaciones_tmsa/Salidas/salidas20260310.zip","2026-03-11"
"salidas20260309.zip","https://storage.googleapis.com/validaciones_tmsa/Salidas/salidas20260309.zip","2026-03-10"
"salidas20260308.zip","https://storage.googleapis.com/validaciones_tmsa/Salidas/salidas20260308.zip","2026-03-09"
"salidas20260307.zip","https://storage.googleapis.com/validaciones_tmsa/Salidas/salidas20260307.zip","2026-03-08"
"salidas20260306.zip","https://storage.googleapis.com/validaciones_tmsa/Salidas/salidas20260306.zip","2026-03-07"
"salidas20260305.zip","https://storage.googleapis.com/validaciones_tmsa/Salidas/salidas20260305.zip","2026-03-06"
"salidas20260304.zip","https://storage.googleapis.com/validaciones_tmsa/Salidas/salidas20260304.zip","2026-03-05"
"salidas20260303.zip","https://storage.googleapis.com/validaciones_tmsa/Salidas/salidas20260303.zip","2026-03-04"
"salidas20260302.zip","https://storage.googleapis.com/validaciones_tmsa/Salidas/salidas20260302.zip","2026-03-03"
"salidas20260301.zip","https://storage.googleapis.com/validaciones_tmsa/Salidas/salidas20260301.zip","2026-03-02"
"salidas20260228.zip","https://storage.googleapis.com/validaciones_tmsa/Salidas/salidas20260228.zip","2026-03-01"
"salidas20260227.zip","https://storage.googleapis.com/validaciones_tmsa/Salidas/salidas20260227.zip","2026-02-28"
"salidas20260226.zip","https://storage.googleapis.com/validaciones_tmsa/Salidas/salidas20260226.zip","2026-02-27"
"salidas20260225.zip","https://storage.googleapis.com/validaciones_tmsa/Salidas/salidas20260225.zip","2026-02-26"
"salidas20260224.zip","https://storage.googleapis.com/validaciones_tmsa/Salidas/salidas20260224.zip","2026-02-25"
"salidas20260223.zip","https://storage.googleapis.com/validaciones_tmsa/Salidas/salidas20260223.zip","2026-02-24"
"salidas20260222.zip","https://storage.googleapis.com/validaciones_tmsa/Salidas/salidas20260222.zip","2026-02-23"
"salidas20260221.zip","https://storage.googleapis.com/validaciones_tmsa/Salidas/salidas20260221.zip","2026-02-22"
"salidas20260220.zip","https://storage.googleapis.com/validaciones_tmsa/Salidas/salidas20260220.zip","2026-02-21"
"salidas20260219.zip","https://storage.googleapis.com/validaciones_tmsa/Salidas/salidas20260219.zip","2026-02-20"
"salidas20260218.zip","https://storage.googleapis.com/validaciones_tmsa/Salidas/salidas20260218.zip","2026-02-19"
"salidas20260217.zip","https://storage.googleapis.com/validaciones_tmsa/Salidas/salidas20260217.zip","2026-02-18"
"salidas20260216.zip","https://storage.googleapis.com/validaciones_tmsa/Salidas/salidas20260216.zip","2026-02-17"
"salidas20260215.zip","https://storage.googleapis.com/validaciones_tmsa/Salidas/salidas20260215.zip","2026-02-16"
"salidas20260214.zip","https://storage.googleapis.com/validaciones_tmsa/Salidas/salidas20260214.zip","2026-02-15"
"salidas20260213.zip","https://storage.googleapis.com/validaciones_tmsa/Salidas/salidas20260213.zip","2026-02-14"
"salidas20260212.zip","https://storage.googleapis.com/validaciones_tmsa/Salidas/salidas20260212.zip","2026-02-13"
"salidas20260211.zip","https://storage.googleapis.com/validaciones_tmsa/Salidas/salidas20260211.zip","2026-02-12"
"salidas20260210.zip","https://storage.googleapis.com/validaciones_tmsa/Salidas/salidas20260210.zip","2026-02-11"
"salidas20260209.zip","https://storage.googleapis.com/validaciones_tmsa/Salidas/salidas20260209.zip","2026-02-10"
"salidas20260208.zip","https://storage.googleapis.com/validaciones_tmsa/Salidas/salidas20260208.zip","2026-02-09"
"salidas20260207.zip","https://storage.googleapis.com/validaciones_tmsa/Salidas/salidas20260207.zip","2026-02-08"
"salidas20260206.zip","https://storage.googleapis.com/validaciones_tmsa/Salidas/salidas20260206.zip","2026-02-07"
"salidas20260205.zip","https://storage.googleapis.com/validaciones_tmsa/Salidas/salidas20260205.zip","2026-02-06"
"salidas20260204.zip","https://storage.googleapis.com/validaciones_tmsa/Salidas/salidas20260204.zip","2026-02-05"
"salidas20260203.zip","https://storage.googleapis.com/validaciones_tmsa/Salidas/salidas20260203.zip","2026-02-04"
"salidas20260202.zip","https://storage.googleapis.com/validaciones_tmsa/Salidas/salidas20260202.zip","2026-02-03"
"salidas20260201.zip","https://storage.googleapis.com/validaciones_tmsa/Salidas/salidas20260201.zip","2026-02-02"
"salidas20260131.zip","https://storage.googleapis.com/validaciones_tmsa/Salidas/salidas20260131.zip","2026-02-01"
"salidas20260130.zip","https://storage.googleapis.com/validaciones_tmsa/Salidas/salidas20260130.zip","2026-01-31"
"salidas20260129.zip","https://storage.googleapis.com/validaciones_tmsa/Salidas/salidas20260129.zip","2026-01-30"
"salidas20260128.zip","https://storage.googleapis.com/validaciones_tmsa/Salidas/salidas20260128.zip","2026-01-29"
"salidas20260127.zip","https://storage.googleapis.com/validaciones_tmsa/Salidas/salidas20260127.zip","2026-01-28"
"salidas20260126.zip","https://storage.googleapis.com/validaciones_tmsa/Salidas/salidas20260126.zip","2026-01-27"
"salidas20260125.zip","https://storage.googleapis.com/validaciones_tmsa/Salidas/salidas20260125.zip","2026-01-26"
"salidas20260124.zip","https://storage.googleapis.com/validaciones_tmsa/Salidas/salidas20260124.zip","2026-01-25"
"salidas20260123.zip","https://storage.googleapis.com/validaciones_tmsa/Salidas/salidas20260123.zip","2026-01-24"
"salidas20260122.zip","https://storage.googleapis.com/validaciones_tmsa/Salidas/salidas20260122.zip","2026-01-23"
"salidas20260121.zip","https://storage.googleapis.com/validaciones_tmsa/Salidas/salidas20260121.zip","2026-01-22"
"salidas20260120.zip","https://storage.googleapis.com/validaciones_tmsa/Salidas/salidas20260120.zip","2026-01-21"
"salidas20260119.zip","https://storage.googleapis.com/validaciones_tmsa/Salidas/salidas20260119.zip","2026-01-20"
"salidas20260118.zip","https://storage.googleapis.com/validaciones_tmsa/Salidas/salidas20260118.zip","2026-01-19"
"salidas20260117.zip","https://storage.googleapis.com/validaciones_tmsa/Salidas/salidas20260117.zip","2026-01-18"
"salidas20260116.zip","https://storage.googleapis.com/validaciones_tmsa/Salidas/salidas20260116.zip","2026-01-17"
"salidas20260115.zip","https://storage.googleapis.com/validaciones_tmsa/Salidas/salidas20260115.zip","2026-01-16"
"salidas20260114.zip","https://storage.googleapis.com/validaciones_tmsa/Salidas/salidas20260114.zip","2026-01-15"
"salidas20260113.zip","https://storage.googleapis.com/validaciones_tmsa/Salidas/salidas20260113.zip","2026-01-14"
"salidas20260112.zip","https://storage.googleapis.com/validaciones_tmsa/Salidas/salidas20260112.zip","2026-01-13"
"salidas20260111.zip","https://storage.googleapis.com/validaciones_tmsa/Salidas/salidas20260111.zip","2026-01-12"
"salidas20260110.zip","https://storage.googleapis.com/validaciones_tmsa/Salidas/salidas20260110.zip","2026-01-11"
"salidas20260109.zip","https://storage.googleapis.com/validaciones_tmsa/Salidas/salidas20260109.zip","2026-01-10"
"salidas20260108.zip","https://storage.googleapis.com/validaciones_tmsa/Salidas/salidas20260108.zip","2026-01-09"
"salidas20260107.zip","https://storage.googleapis.com/validaciones_tmsa/Salidas/salidas20260107.zip","2026-01-08"
"salidas20260106.zip","https://storage.googleapis.com/validaciones_tmsa/Salidas/salidas20260106.zip","2026-01-07"
"salidas20260105.zip","https://storage.googleapis.com/validaciones_tmsa/Salidas/salidas20260105.zip","2026-01-06"
"salidas20260104.zip","https://storage.googleapis.com/validaciones_tmsa/Salidas/salidas20260104.zip","2026-01-05"
"salidas20260103.zip","https://storage.googleapis.com/validaciones_tmsa/Salidas/salidas20260103.zip","2026-01-04"
"salidas20260102.zip","https://storage.googleapis.com/validaciones_tmsa/Salidas/salidas20260102.zip","2026-01-03"
"salidas20260101.zip","https://storage.googleapis.com/validaciones_tmsa/Salidas/salidas20260101.zip","2026-01-02"
"salidas20251231.zip","https://storage.googleapis.com/validaciones_tmsa/Salidas/salidas20251231.zip","2026-01-01"
"salidas20251230.zip","https://storage.googleapis.com/validaciones_tmsa/Salidas/salidas20251230.zip","2025-12-31"
"salidas20251229.zip","https://storage.googleapis.com/validaciones_tmsa/Salidas/salidas20251229.zip","2025-12-30"
"salidas20251228.zip","https://storage.googleapis.com/validaciones_tmsa/Salidas/salidas20251228.zip","2025-12-29"
"salidas20251227.zip","https://storage.googleapis.com/validaciones_tmsa/Salidas/salidas20251227.zip","2025-12-28"
"salidas20251226.zip","https://storage.googleapis.com/validaciones_tmsa/Salidas/salidas20251226.zip","2025-12-27"
"salidas20251225.zip","https://storage.googleapis.com/validaciones_tmsa/Salidas/salidas20251225.zip","2025-12-26"
"salidas20251224.zip","https://storage.googleapis.com/validaciones_tmsa/Salidas/salidas20251224.zip","2025-12-25"
"salidas20251223.zip","https://storage.googleapis.com/validaciones_tmsa/Salidas/salidas20251223.zip","2025-12-24"
"salidas20251222.zip","https://storage.googleapis.com/validaciones_tmsa/Salidas/salidas20251222.zip","2025-12-23"
"salidas20251221.zip","https://storage.googleapis.com/validaciones_tmsa/Salidas/salidas20251221.zip","2025-12-22"
"salidas20251220.zip","https://storage.googleapis.com/validaciones_tmsa/Salidas/salidas20251220.zip","2025-12-21"
"salidas20251219.zip","https://storage.googleapis.com/validaciones_tmsa/Salidas/salidas20251219.zip","2025-12-20"
"salidas20251218.zip","https://storage.googleapis.com/validaciones_tmsa/Salidas/salidas20251218.zip","2025-12-19"
"salidas20251217.zip","https://storage.googleapis.com/validaciones_tmsa/Salidas/salidas20251217.zip","2025-12-18"
"salidas20251216.zip","https://storage.googleapis.com/validaciones_tmsa/Salidas/salidas20251216.zip","2025-12-17"
"salidas20251215.zip","https://storage.googleapis.com/validaciones_tmsa/Salidas/salidas20251215.zip","2025-12-16"
"salidas20251214.zip","https://storage.googleapis.com/validaciones_tmsa/Salidas/salidas20251214.zip","2025-12-15"
"salidas20251213.zip","https://storage.googleapis.com/validaciones_tmsa/Salidas/salidas20251213.zip","2025-12-14"
"salidas20251212.zip","https://storage.googleapis.com/validaciones_tmsa/Salidas/salidas20251212.zip","2025-12-13"
"salidas20251211.zip","https://storage.googleapis.com/validaciones_tmsa/Salidas/salidas20251211.zip","2025-12-12"
"salidas20251210.zip","https://storage.googleapis.com/validaciones_tmsa/Salidas/salidas20251210.zip","2025-12-11"
"salidas20251209.zip","https://storage.googleapis.com/validaciones_tmsa/Salidas/salidas20251209.zip","2025-12-10"
"salidas20251208.zip","https://storage.googleapis.com/validaciones_tmsa/Salidas/salidas20251208.zip","2025-12-09"
"salidas20251207.zip","https://storage.googleapis.com/validaciones_tmsa/Salidas/salidas20251207.zip","2025-12-08"
"salidas20251206.zip","https://storage.googleapis.com/validaciones_tmsa/Salidas/salidas20251206.zip","2025-12-07"
"salidas20251205.zip","https://storage.googleapis.com/validaciones_tmsa/Salidas/salidas20251205.zip","2025-12-06"
"salidas20251204.zip","https://storage.googleapis.com/validaciones_tmsa/Salidas/salidas20251204.zip","2025-12-05"
"salidas20251203.zip","https://storage.googleapis.com/validaciones_tmsa/Salidas/salidas20251203.zip","2025-12-04"
"salidas20251202.zip","https://storage.googleapis.com/validaciones_tmsa/Salidas/salidas20251202.zip","2025-12-03"
"salidas20251201.zip","https://storage.googleapis.com/validaciones_tmsa/Salidas/salidas20251201.zip","2025-12-02"
"salidas20251130.zip","https://storage.googleapis.com/validaciones_tmsa/Salidas/salidas20251130.zip","2025-12-01"
"salidas20251129.zip","https://storage.googleapis.com/validaciones_tmsa/Salidas/salidas20251129.zip","2025-11-30"
"salidas20251128.zip","https://storage.googleapis.com/validaciones_tmsa/Salidas/salidas20251128.zip","2025-11-29"
"salidas20251127.zip","https://storage.googleapis.com/validaciones_tmsa/Salidas/salidas20251127.zip","2025-11-28"
"salidas20251126.zip","https://storage.googleapis.com/validaciones_tmsa/Salidas/salidas20251126.zip","2025-11-27"
"salidas20251125.zip","https://storage.googleapis.com/validaciones_tmsa/Salidas/salidas20251125.zip","2025-11-26"
"salidas20251124.zip","https://storage.googleapis.com/validaciones_tmsa/Salidas/salidas20251124.zip","2025-11-25"
"salidas20251123.zip","https://storage.googleapis.com/validaciones_tmsa/Salidas/salidas20251123.zip","2025-11-24"
"salidas20251122.zip","https://storage.googleapis.com/validaciones_tmsa/Salidas/salidas20251122.zip","2025-11-23"
"salidas20251121.zip","https://storage.googleapis.com/validaciones_tmsa/Salidas/salidas20251121.zip","2025-11-22"
"salidas20251120.zip","https://storage.googleapis.com/validaciones_tmsa/Salidas/salidas20251120.zip","2025-11-21"
"salidas20251119.zip","https://storage.googleapis.com/validaciones_tmsa/Salidas/salidas20251119.zip","2025-11-20"
"salidas20251118.zip","https://storage.googleapis.com/validaciones_tmsa/Salidas/salidas20251118.zip","2025-11-19"
"salidas20251117.zip","https://storage.googleapis.com/validaciones_tmsa/Salidas/salidas20251117.zip","2025-11-18"
"salidas20251116.zip","https://storage.googleapis.com/validaciones_tmsa/Salidas/salidas20251116.zip","2025-11-17"
"salidas20251115.zip","https://storage.googleapis.com/validaciones_tmsa/Salidas/salidas20251115.zip","2025-11-16"
"salidas20251114.zip","https://storage.googleapis.com/validaciones_tmsa/Salidas/salidas20251114.zip","2025-11-15"
"salidas20251113.zip","https://storage.googleapis.com/validaciones_tmsa/Salidas/salidas20251113.zip","2025-11-14"
"salidas20251112.zip","https://storage.googleapis.com/validaciones_tmsa/Salidas/salidas20251112.zip","2025-11-13"
"salidas20251111.zip","https://storage.googleapis.com/validaciones_tmsa/Salidas/salidas20251111.zip","2025-11-12"
"salidas20251110.zip","https://storage.googleapis.com/validaciones_tmsa/Salidas/salidas20251110.zip","2025-11-11"
"salidas20251109.zip","https://storage.googleapis.com/validaciones_tmsa/Salidas/salidas20251109.zip","2025-11-10"
"salidas20251108.zip","https://storage.googleapis.com/validaciones_tmsa/Salidas/salidas20251108.zip","2025-11-09"
"salidas20251107.zip","https://storage.googleapis.com/validaciones_tmsa/Salidas/salidas20251107.zip","2025-11-08"
"salidas20251106.zip","https://storage.googleapis.com/validaciones_tmsa/Salidas/salidas20251106.zip","2025-11-07"
"salidas20251105.zip","https://storage.googleapis.com/validaciones_tmsa/Salidas/salidas20251105.zip","2025-11-06"
"salidas20251104.zip","https://storage.googleapis.com/validaciones_tmsa/Salidas/salidas20251104.zip","2025-11-05"
"salidas20251103.zip","https://storage.googleapis.com/validaciones_tmsa/Salidas/salidas20251103.zip","2025-11-04"
"salidas20251102.zip","https://storage.googleapis.com/validaciones_tmsa/Salidas/salidas20251102.zip","2025-11-03"
"salidas20251101.zip","https://storage.googleapis.com/validaciones_tmsa/Salidas/salidas20251101.zip","2025-11-02"
"salidas20251031.zip","https://storage.googleapis.com/validaciones_tmsa/Salidas/salidas20251031.zip","2025-11-01"
"salidas20251030.zip","https://storage.googleapis.com/validaciones_tmsa/Salidas/salidas20251030.zip","2025-10-31"
"salidas20251029.zip","https://storage.googleapis.com/validaciones_tmsa/Salidas/salidas20251029.zip","2025-10-30"
"salidas20251028.zip","https://storage.googleapis.com/validaciones_tmsa/Salidas/salidas20251028.zip","2025-10-29"
"salidas20251027.zip","https://storage.googleapis.com/validaciones_tmsa/Salidas/salidas20251027.zip","2025-10-28"
"salidas20251026.zip","https://storage.googleapis.com/validaciones_tmsa/Salidas/salidas20251026.zip","2025-10-27"
"salidas20251025.zip","https://storage.googleapis.com/validaciones_tmsa/Salidas/salidas20251025.zip","2025-10-26"
"salidas20251024.zip","https://storage.googleapis.com/validaciones_tmsa/Salidas/salidas20251024.zip","2025-10-25"
"salidas20251023.zip","https://storage.googleapis.com/validaciones_tmsa/Salidas/salidas20251023.zip","2025-10-24"
"salidas20251022.zip","https://storage.googleapis.com/validaciones_tmsa/Salidas/salidas20251022.zip","2025-10-23"
"salidas20251021.zip","https://storage.googleapis.com/validaciones_tmsa/Salidas/salidas20251021.zip","2025-10-22"
"salidas20251020.zip","https://storage.googleapis.com/validaciones_tmsa/Salidas/salidas20251020.zip","2025-10-21"
"salidas20251019.zip","https://storage.googleapis.com/validaciones_tmsa/Salidas/salidas20251019.zip","2025-10-20"
"salidas20251018.zip","https://storage.googleapis.com/validaciones_tmsa/Salidas/salidas20251018.zip","2025-10-19"
"salidas20251017.zip","https://storage.googleapis.com/validaciones_tmsa/Salidas/salidas20251017.zip","2025-10-18"
"salidas20251016.zip","https://storage.googleapis.com/validaciones_tmsa/Salidas/salidas20251016.zip","2025-10-17"
"salidas20251015.zip","https://storage.googleapis.com/validaciones_tmsa/Salidas/salidas20251015.zip","2025-10-16"
"salidas20251014.zip","https://storage.googleapis.com/validaciones_tmsa/Salidas/salidas20251014.zip","2025-10-15"
"salidas20251013.zip","https://storage.googleapis.com/validaciones_tmsa/Salidas/salidas20251013.zip","2025-10-14"
"salidas20251012.zip","https://storage.googleapis.com/validaciones_tmsa/Salidas/salidas20251012.zip","2025-10-13"
"salidas20251011.zip","https://storage.googleapis.com/validaciones_tmsa/Salidas/salidas20251011.zip","2025-10-12"
"salidas20251010.zip","https://storage.googleapis.com/validaciones_tmsa/Salidas/salidas20251010.zip","2025-10-11"
"salidas20251009.zip","https://storage.googleapis.com/validaciones_tmsa/Salidas/salidas20251009.zip","2025-10-10"
"salidas20251008.zip","https://storage.googleapis.com/validaciones_tmsa/Salidas/salidas20251008.zip","2025-10-09"
"salidas20251007.zip","https://storage.googleapis.com/validaciones_tmsa/Salidas/salidas20251007.zip","2025-10-08"
"salidas20251006.zip","https://storage.googleapis.com/validaciones_tmsa/Salidas/salidas20251006.zip","2025-10-07"
"salidas20251005.zip","https://storage.googleapis.com/validaciones_tmsa/Salidas/salidas20251005.zip","2025-10-06"
"salidas20251004.zip","https://storage.googleapis.com/validaciones_tmsa/Salidas/salidas20251004.zip","2025-10-05"
"salidas20251003.zip","https://storage.googleapis.com/validaciones_tmsa/Salidas/salidas20251003.zip","2025-10-04"
"salidas20251002.zip","https://storage.googleapis.com/validaciones_tmsa/Salidas/salidas20251002.zip","2025-10-03"
"salidas20251001.zip","https://storage.googleapis.com/validaciones_tmsa/Salidas/salidas20251001.zip","2025-10-02"
"salidas20250930.zip","https://storage.googleapis.com/validaciones_tmsa/Salidas/salidas20250930.zip","2025-10-01"
"salidas20250929.zip","https://storage.googleapis.com/validaciones_tmsa/Salidas/salidas20250929.zip","2025-09-30"
"salidas20250928.zip","https://storage.googleapis.com/validaciones_tmsa/Salidas/salidas20250928.zip","2025-09-29"
"salidas20250927.zip","https://storage.googleapis.com/validaciones_tmsa/Salidas/salidas20250927.zip","2025-09-28"
"salidas20250926.zip","https://storage.googleapis.com/validaciones_tmsa/Salidas/salidas20250926.zip","2025-09-27"
"salidas20250925.zip","https://storage.googleapis.com/validaciones_tmsa/Salidas/salidas20250925.zip","2025-09-26"
"salidas20250924.zip","https://storage.googleapis.com/validaciones_tmsa/Salidas/salidas20250924.zip","2025-09-25"
"salidas20250923.zip","https://storage.googleapis.com/validaciones_tmsa/Salidas/salidas20250923.zip","2025-09-24"
"salidas20250922.zip","https://storage.googleapis.com/validaciones_tmsa/Salidas/salidas20250922.zip","2025-09-23"
"salidas20250921.zip","https://storage.googleapis.com/validaciones_tmsa/Salidas/salidas20250921.zip","2025-09-22"
"salidas20250920.zip","https://storage.googleapis.com/validaciones_tmsa/Salidas/salidas20250920.zip","2025-09-21"
"salidas20250919.zip","https://storage.googleapis.com/validaciones_tmsa/Salidas/salidas20250919.zip","2025-09-20"
"salidas20250918.zip","https://storage.googleapis.com/validaciones_tmsa/Salidas/salidas20250918.zip","2025-09-19"
"salidas20250917.zip","https://storage.googleapis.com/validaciones_tmsa/Salidas/salidas20250917.zip","2025-09-18"
"salidas20250916.zip","https://storage.googleapis.com/validaciones_tmsa/Salidas/salidas20250916.zip","2025-09-17"
"salidas20250915.zip","https://storage.googleapis.com/validaciones_tmsa/Salidas/salidas20250915.zip","2025-09-16"
"salidas20250914.zip","https://storage.googleapis.com/validaciones_tmsa/Salidas/salidas20250914.zip","2025-09-15"
"salidas20250913.zip","https://storage.googleapis.com/validaciones_tmsa/Salidas/salidas20250913.zip","2025-09-14"
"salidas20250912.zip","https://storage.googleapis.com/validaciones_tmsa/Salidas/salidas20250912.zip","2025-09-13"
"salidas20250911.zip","https://storage.googleapis.com/validaciones_tmsa/Salidas/salidas20250911.zip","2025-09-12"
"salidas20250910.zip","https://storage.googleapis.com/validaciones_tmsa/Salidas/salidas20250910.zip","2025-09-11"
"salidas20250909.zip","https://storage.googleapis.com/validaciones_tmsa/Salidas/salidas20250909.zip","2025-09-10"
"salidas20250908.zip","https://storage.googleapis.com/validaciones_tmsa/Salidas/salidas20250908.zip","2025-09-09"
"salidas20250907.zip","https://storage.googleapis.com/validaciones_tmsa/Salidas/salidas20250907.zip","2025-09-08"
"salidas20250906.zip","https://storage.googleapis.com/validaciones_tmsa/Salidas/salidas20250906.zip","2025-09-07"
"salidas20250905.zip","https://storage.googleapis.com/validaciones_tmsa/Salidas/salidas20250905.zip","2025-09-06"
"salidas20250904.zip","https://storage.googleapis.com/validaciones_tmsa/Salidas/salidas20250904.zip","2025-09-05"
"salidas20250903.zip","https://storage.googleapis.com/validaciones_tmsa/Salidas/salidas20250903.zip","2025-09-04"
"salidas20250902.zip","https://storage.googleapis.com/validaciones_tmsa/Salidas/salidas20250902.zip","2025-09-03"
"salidas20250901.zip","https://storage.googleapis.com/validaciones_tmsa/Salidas/salidas20250901.zip","2025-09-02"
"salidas20250831.zip","https://storage.googleapis.com/validaciones_tmsa/Salidas/salidas20250831.zip","2025-09-01"
"salidas20250830.zip","https://storage.googleapis.com/validaciones_tmsa/Salidas/salidas20250830.zip","2025-08-31"
"salidas20250829.zip","https://storage.googleapis.com/validaciones_tmsa/Salidas/salidas20250829.zip","2025-08-30"
"salidas20250828.zip","https://storage.googleapis.com/validaciones_tmsa/Salidas/salidas20250828.zip","2025-08-29"
"salidas20250827.zip","https://storage.googleapis.com/validaciones_tmsa/Salidas/salidas20250827.zip","2025-08-28"
"salidas20250826.zip","https://storage.googleapis.com/validaciones_tmsa/Salidas/salidas20250826.zip","2025-08-27"
"salidas20250825.zip","https://storage.googleapis.com/validaciones_tmsa/Salidas/salidas20250825.zip","2025-08-26"
"salidas20250824.zip","https://storage.googleapis.com/validaciones_tmsa/Salidas/salidas20250824.zip","2025-08-25"
"salidas20250823.zip","https://storage.googleapis.com/validaciones_tmsa/Salidas/salidas20250823.zip","2025-08-24"
"salidas20250822.zip","https://storage.googleapis.com/validaciones_tmsa/Salidas/salidas20250822.zip","2025-08-23"
"salidas20250821.zip","https://storage.googleapis.com/validaciones_tmsa/Salidas/salidas20250821.zip","2025-08-22"
"salidas20250820.zip","https://storage.googleapis.com/validaciones_tmsa/Salidas/salidas20250820.zip","2025-08-21"
"salidas20250819.zip","https://storage.googleapis.com/validaciones_tmsa/Salidas/salidas20250819.zip","2025-08-20"
"salidas20250818.zip","https://storage.googleapis.com/validaciones_tmsa/Salidas/salidas20250818.zip","2025-08-19"
"salidas20250817.zip","https://storage.googleapis.com/validaciones_tmsa/Salidas/salidas20250817.zip","2025-08-18"
"salidas20250816.zip","https://storage.googleapis.com/validaciones_tmsa/Salidas/salidas20250816.zip","2025-08-17"
"salidas20250815.zip","https://storage.googleapis.com/validaciones_tmsa/Salidas/salidas20250815.zip","2025-08-16"
"salidas20250814.zip","https://storage.googleapis.com/validaciones_tmsa/Salidas/salidas20250814.zip","2025-08-15"
"salidas20250813.zip","https://storage.googleapis.com/validaciones_tmsa/Salidas/salidas20250813.zip","2025-08-14"
"salidas20250812.zip","https://storage.googleapis.com/validaciones_tmsa/Salidas/salidas20250812.zip","2025-08-13"
"salidas20250811.zip","https://storage.googleapis.com/validaciones_tmsa/Salidas/salidas20250811.zip","2025-08-12"
"salidas20250810.zip","https://storage.googleapis.com/validaciones_tmsa/Salidas/salidas20250810.zip","2025-08-11"
"salidas20250809.zip","https://storage.googleapis.com/validaciones_tmsa/Salidas/salidas20250809.zip","2025-08-10"
"salidas20250808.zip","https://storage.googleapis.com/validaciones_tmsa/Salidas/salidas20250808.zip","2025-08-09"
"salidas20250807.zip","https://storage.googleapis.com/validaciones_tmsa/Salidas/salidas20250807.zip","2025-08-08"
"salidas20250806.zip","https://storage.googleapis.com/validaciones_tmsa/Salidas/salidas20250806.zip","2025-08-07"
"salidas20250805.zip","https://storage.googleapis.com/validaciones_tmsa/Salidas/salidas20250805.zip","2025-08-06"
"salidas20250804.zip","https://storage.googleapis.com/validaciones_tmsa/Salidas/salidas20250804.zip","2025-08-05"
"salidas20250803.zip","https://storage.googleapis.com/validaciones_tmsa/Salidas/salidas20250803.zip","2025-08-04"
"salidas20250802.zip","https://storage.googleapis.com/validaciones_tmsa/Salidas/salidas20250802.zip","2025-08-03"
"salidas20250801.zip","https://storage.googleapis.com/validaciones_tmsa/Salidas/salidas20250801.zip","2025-08-02"
"salidas20250731.zip","https://storage.googleapis.com/validaciones_tmsa/Salidas/salidas20250731.zip","2025-08-01"
"salidas20250730.zip","https://storage.googleapis.com/validaciones_tmsa/Salidas/salidas20250730.zip","2025-07-31"
"salidas20250729.zip","https://storage.googleapis.com/validaciones_tmsa/Salidas/salidas20250729.zip","2025-07-30"
"salidas20250728.zip","https://storage.googleapis.com/validaciones_tmsa/Salidas/salidas20250728.zip","2025-07-29"
"salidas20250727.zip","https://storage.googleapis.com/validaciones_tmsa/Salidas/salidas20250727.zip","2025-07-28"
"salidas20250726.zip","https://storage.googleapis.com/validaciones_tmsa/Salidas/salidas20250726.zip","2025-07-27"
"salidas20250725.zip","https://storage.googleapis.com/validaciones_tmsa/Salidas/salidas20250725.zip","2025-07-26"
"salidas20250724.zip","https://storage.googleapis.com/validaciones_tmsa/Salidas/salidas20250724.zip","2025-07-25"
"salidas20250723.zip","https://storage.googleapis.com/validaciones_tmsa/Salidas/salidas20250723.zip","2025-07-24"
"salidas20250722.zip","https://storage.googleapis.com/validaciones_tmsa/Salidas/salidas20250722.zip","2025-07-23"
"salidas20250721.zip","https://storage.googleapis.com/validaciones_tmsa/Salidas/salidas20250721.zip","2025-07-22"
"salidas20250720.zip","https://storage.googleapis.com/validaciones_tmsa/Salidas/salidas20250720.zip","2025-07-21"
"salidas20250719.zip","https://storage.googleapis.com/validaciones_tmsa/Salidas/salidas20250719.zip","2025-07-20"
"salidas20250718.zip","https://storage.googleapis.com/validaciones_tmsa/Salidas/salidas20250718.zip","2025-07-19"
"salidas20250717.zip","https://storage.googleapis.com/validaciones_tmsa/Salidas/salidas20250717.zip","2025-07-18"
"salidas20250716.zip","https://storage.googleapis.com/validaciones_tmsa/Salidas/salidas20250716.zip","2025-07-17"
"salidas20250715.zip","https://storage.googleapis.com/validaciones_tmsa/Salidas/salidas20250715.zip","2025-07-16"
"salidas20250714.zip","https://storage.googleapis.com/validaciones_tmsa/Salidas/salidas20250714.zip","2025-07-15"
"salidas20250713.zip","https://storage.googleapis.com/validaciones_tmsa/Salidas/salidas20250713.zip","2025-07-14"
"salidas20250712.zip","https://storage.googleapis.com/validaciones_tmsa/Salidas/salidas20250712.zip","2025-07-13"
"salidas20250711.zip","https://storage.googleapis.com/validaciones_tmsa/Salidas/salidas20250711.zip","2025-07-12"
"salidas20250710.zip","https://storage.googleapis.com/validaciones_tmsa/Salidas/salidas20250710.zip","2025-07-11"
"salidas20250709.zip","https://storage.googleapis.com/validaciones_tmsa/Salidas/salidas20250709.zip","2025-07-10"
"salidas20250708.zip","https://storage.googleapis.com/validaciones_tmsa/Salidas/salidas20250708.zip","2025-07-09"
"salidas20250707.zip","https://storage.googleapis.com/validaciones_tmsa/Salidas/salidas20250707.zip","2025-07-08"
"salidas20250706.zip","https://storage.googleapis.com/validaciones_tmsa/Salidas/salidas20250706.zip","2025-07-07"
"salidas20250705.zip","https://storage.googleapis.com/validaciones_tmsa/Salidas/salidas20250705.zip","2025-07-06"
"salidas20250704.zip","https://storage.googleapis.com/validaciones_tmsa/Salidas/salidas20250704.zip","2025-07-05"
"salidas20250703.zip","https://storage.googleapis.com/validaciones_tmsa/Salidas/salidas20250703.zip","2025-07-04"
"salidas20250702.zip","https://storage.googleapis.com/validaciones_tmsa/Salidas/salidas20250702.zip","2025-07-03"
"salidas20250701.zip","https://storage.googleapis.com/validaciones_tmsa/Salidas/salidas20250701.zip","2025-07-02"
"salidas20250630.zip","https://storage.googleapis.com/validaciones_tmsa/Salidas/salidas20250630.zip","2025-07-01"
"salidas20250629.zip","https://storage.googleapis.com/validaciones_tmsa/Salidas/salidas20250629.zip","2025-06-30"
"salidas20250628.zip","https://storage.googleapis.com/validaciones_tmsa/Salidas/salidas20250628.zip","2025-06-29"
"salidas20250627.zip","https://storage.googleapis.com/validaciones_tmsa/Salidas/salidas20250627.zip","2025-06-28"
"salidas20250626.zip","https://storage.googleapis.com/validaciones_tmsa/Salidas/salidas20250626.zip","2025-06-27"
"salidas20250625.zip","https://storage.googleapis.com/validaciones_tmsa/Salidas/salidas20250625.zip","2025-06-26"
"salidas20250624.zip","https://storage.googleapis.com/validaciones_tmsa/Salidas/salidas20250624.zip","2025-06-25"
"salidas20250623.zip","https://storage.googleapis.com/validaciones_tmsa/Salidas/salidas20250623.zip","2025-06-24"
"salidas20250622.zip","https://storage.googleapis.com/validaciones_tmsa/Salidas/salidas20250622.zip","2025-06-23"
"salidas20250621.zip","https://storage.googleapis.com/validaciones_tmsa/Salidas/salidas20250621.zip","2025-06-22"
"salidas20250620.zip","https://storage.googleapis.com/validaciones_tmsa/Salidas/salidas20250620.zip","2025-06-21"
"salidas20250619.zip","https://storage.googleapis.com/validaciones_tmsa/Salidas/salidas20250619.zip","2025-06-20"
"salidas20250618.zip","https://storage.googleapis.com/validaciones_tmsa/Salidas/salidas20250618.zip","2025-06-19"
"salidas20250617.zip","https://storage.googleapis.com/validaciones_tmsa/Salidas/salidas20250617.zip","2025-06-18"
"salidas20250616.zip","https://storage.googleapis.com/validaciones_tmsa/Salidas/salidas20250616.zip","2025-06-17"
"salidas20250615.zip","https://storage.googleapis.com/validaciones_tmsa/Salidas/salidas20250615.zip","2025-06-16"
"salidas20250614.zip","https://storage.googleapis.com/validaciones_tmsa/Salidas/salidas20250614.zip","2025-06-15"
"salidas20250613.zip","https://storage.googleapis.com/validaciones_tmsa/Salidas/salidas20250613.zip","2025-06-14"
"salidas20250612.zip","https://storage.googleapis.com/validaciones_tmsa/Salidas/salidas20250612.zip","2025-06-13"
"salidas20250611.zip","https://storage.googleapis.com/validaciones_tmsa/Salidas/salidas20250611.zip","2025-06-12"
"salidas20250610.zip","https://storage.googleapis.com/validaciones_tmsa/Salidas/salidas20250610.zip","2025-06-11"
"salidas20250609.zip","https://storage.googleapis.com/validaciones_tmsa/Salidas/salidas20250609.zip","2025-06-10"
"salidas20250608.zip","https://storage.googleapis.com/validaciones_tmsa/Salidas/salidas20250608.zip","2025-06-09"
"salidas20250607.zip","https://storage.googleapis.com/validaciones_tmsa/Salidas/salidas20250607.zip","2025-06-08"
"salidas20250606.zip","https://storage.googleapis.com/validaciones_tmsa/Salidas/salidas20250606.zip","2025-06-07"
"salidas20250605.zip","https://storage.googleapis.com/validaciones_tmsa/Salidas/salidas20250605.zip","2025-06-06"
"salidas20250604.zip","https://storage.googleapis.com/validaciones_tmsa/Salidas/salidas20250604.zip","2025-06-05"
"salidas20250603.zip","https://storage.googleapis.com/validaciones_tmsa/Salidas/salidas20250603.zip","2025-06-04"
"salidas20250602.zip","https://storage.googleapis.com/validaciones_tmsa/Salidas/salidas20250602.zip","2025-06-03"
"salidas20250601.zip","https://storage.googleapis.com/validaciones_tmsa/Salidas/salidas20250601.zip","2025-06-02"
"salidas20250531.zip","https://storage.googleapis.com/validaciones_tmsa/Salidas/salidas20250531.zip","2025-06-01"
"salidas20250529.zip","https://storage.googleapis.com/validaciones_tmsa/Salidas/salidas20250529.zip","2025-05-30"
"salidas20250528.zip","https://storage.googleapis.com/validaciones_tmsa/Salidas/salidas20250528.zip","2025-05-29"
"salidas20250527.zip","https://storage.googleapis.com/validaciones_tmsa/Salidas/salidas20250527.zip","2025-05-28"
"salidas20250526.zip","https://storage.googleapis.com/validaciones_tmsa/Salidas/salidas20250526.zip","2025-05-27"
"salidas20250525.zip","https://storage.googleapis.com/validaciones_tmsa/Salidas/salidas20250525.zip","2025-05-26"
"salidas20250524.zip","https://storage.googleapis.com/validaciones_tmsa/Salidas/salidas20250524.zip","2025-05-25"
"salidas20250523.zip","https://storage.googleapis.com/validaciones_tmsa/Salidas/salidas20250523.zip","2025-05-24"
"salidas20250522.zip","https://storage.googleapis.com/validaciones_tmsa/Salidas/salidas20250522.zip","2025-05-23"
"salidas20250521.zip","https://storage.googleapis.com/validaciones_tmsa/Salidas/salidas20250521.zip","2025-05-22"
"salidas20250520.zip","https://storage.googleapis.com/validaciones_tmsa/Salidas/salidas20250520.zip","2025-05-21"
"salidas20250519.zip","https://storage.googleapis.com/validaciones_tmsa/Salidas/salidas20250519.zip","2025-05-20"
"salidas20250518.zip","https://storage.googleapis.com/validaciones_tmsa/Salidas/salidas20250518.zip","2025-05-19"
"salidas20250517.zip","https://storage.googleapis.com/validaciones_tmsa/Salidas/salidas20250517.zip","2025-05-18"
"salidas20250516.zip","https://storage.googleapis.com/validaciones_tmsa/Salidas/salidas20250516.zip","2025-05-17"
"salidas20250515.zip","https://storage.googleapis.com/validaciones_tmsa/Salidas/salidas20250515.zip","2025-05-16"
"salidas20250514.zip","https://storage.googleapis.com/validaciones_tmsa/Salidas/salidas20250514.zip","2025-05-15"
"salidas20250513.zip","https://storage.googleapis.com/validaciones_tmsa/Salidas/salidas20250513.zip","2025-05-14"
"salidas20250512.zip","https://storage.googleapis.com/validaciones_tmsa/Salidas/salidas20250512.zip","2025-05-13"
"salidas20250511.zip","https://storage.googleapis.com/validaciones_tmsa/Salidas/salidas20250511.zip","2025-05-12"
"salidas20250510.zip","https://storage.googleapis.com/validaciones_tmsa/Salidas/salidas20250510.zip","2025-05-11"
"salidas20250509.zip","https://storage.googleapis.com/validaciones_tmsa/Salidas/salidas20250509.zip","2025-05-10"
"salidas20250508.zip","https://storage.googleapis.com/validaciones_tmsa/Salidas/salidas20250508.zip","2025-05-09"
"salidas20250507.zip","https://storage.googleapis.com/validaciones_tmsa/Salidas/salidas20250507.zip","2025-05-08"
"salidas20250506.zip","https://storage.googleapis.com/validaciones_tmsa/Salidas/salidas20250506.zip","2025-05-07"
"salidas20250505.zip","https://storage.googleapis.com/validaciones_tmsa/Salidas/salidas20250505.zip","2025-05-06"
"salidas20250504.zip","https://storage.googleapis.com/validaciones_tmsa/Salidas/salidas20250504.zip","2025-05-05"
"salidas20250503.zip","https://storage.googleapis.com/validaciones_tmsa/Salidas/salidas20250503.zip","2025-05-04"
"salidas20250502.zip","https://storage.googleapis.com/validaciones_tmsa/Salidas/salidas20250502.zip","2025-05-04"
"salidas20250501.zip","https://storage.googleapis.com/validaciones_tmsa/Salidas/salidas20250501.zip","2025-05-02"
"salidas20250430.zip","https://storage.googleapis.com/validaciones_tmsa/Salidas/salidas20250430.zip","2025-05-01"
"salidas20250429.zip","https://storage.googleapis.com/validaciones_tmsa/Salidas/salidas20250429.zip","2025-05-01"
"salidas20250428.zip","https://storage.googleapis.com/validaciones_tmsa/Salidas/salidas20250428.zip","2025-04-29"
"salidas20250427.zip","https://storage.googleapis.com/validaciones_tmsa/Salidas/salidas20250427.zip","2025-04-28"
"salidas20250426.zip","https://storage.googleapis.com/validaciones_tmsa/Salidas/salidas20250426.zip","2025-04-28"
"salidas20250425.zip","https://storage.googleapis.com/validaciones_tmsa/Salidas/salidas20250425.zip","2025-04-28"
"salidas20250424.zip","https://storage.googleapis.com/validaciones_tmsa/Salidas/salidas20250424.zip","2025-04-25"
"salidas20250423.zip","https://storage.googleapis.com/validaciones_tmsa/Salidas/salidas20250423.zip","2025-04-24"
"salidas20250422.zip","https://storage.googleapis.com/validaciones_tmsa/Salidas/salidas20250422.zip","2025-04-23"
"salidas20250421.zip","https://storage.googleapis.com/validaciones_tmsa/Salidas/salidas20250421.zip","2025-04-22"
"salidas20250420.zip","https://storage.googleapis.com/validaciones_tmsa/Salidas/salidas20250420.zip","2025-04-21"
"salidas20250419.zip","https://storage.googleapis.com/validaciones_tmsa/Salidas/salidas20250419.zip","2025-04-21"
"salidas20250418.zip","https://storage.googleapis.com/validaciones_tmsa/Salidas/salidas20250418.zip","2025-04-21"
"salidas20250417.zip","https://storage.googleapis.com/validaciones_tmsa/Salidas/salidas20250417.zip","2025-04-21"
"salidas20250416.zip","https://storage.googleapis.com/validaciones_tmsa/Salidas/salidas20250416.zip","2025-04-21"
"salidas20250415.zip","https://storage.googleapis.com/validaciones_tmsa/Salidas/salidas20250415.zip","2025-04-21"
"salidas20250414.zip","https://storage.googleapis.com/validaciones_tmsa/Salidas/salidas20250414.zip","2025-04-21"
"salidas20250413.zip","https://storage.googleapis.com/validaciones_tmsa/Salidas/salidas20250413.zip","2025-04-14"
"salidas20250412.zip","https://storage.googleapis.com/validaciones_tmsa/Salidas/salidas20250412.zip","2025-07-17"
"salidas20250411.zip","https://storage.googleapis.com/validaciones_tmsa/Salidas/salidas20250411.zip","2025-07-17"
"salidas20250410.zip","https://storage.googleapis.com/validaciones_tmsa/Salidas/salidas20250410.zip","2025-04-11"
"salidas20250409.zip","https://storage.googleapis.com/validaciones_tmsa/Salidas/salidas20250409.zip","2025-04-10"
"salidas20250408.zip","https://storage.googleapis.com/validaciones_tmsa/Salidas/salidas20250408.zip","2025-04-09"
"salidas20250407.zip","https://storage.googleapis.com/validaciones_tmsa/Salidas/salidas20250407.zip","2025-04-08"
"salidas20250406.zip","https://storage.googleapis.com/validaciones_tmsa/Salidas/salidas20250406.zip","2025-04-07"
"salidas20250405.zip","https://storage.googleapis.com/validaciones_tmsa/Salidas/salidas20250405.zip","2025-04-06"
"salidas20250404.zip","https://storage.googleapis.com/validaciones_tmsa/Salidas/salidas20250404.zip","2025-04-05"
"salidas20250403.zip","https://storage.googleapis.com/validaciones_tmsa/Salidas/salidas20250403.zip","2025-04-04"
"salidas20250402.zip","https://storage.googleapis.com/validaciones_tmsa/Salidas/salidas20250402.zip","2025-04-03"
"salidas20250401.zip","https://storage.googleapis.com/validaciones_tmsa/Salidas/salidas20250401.zip","2025-04-02"
"salidas20250331.zip","https://storage.googleapis.com/validaciones_tmsa/Salidas/salidas20250331.zip","2025-04-01"
"salidas20250330.zip","https://storage.googleapis.com/validaciones_tmsa/Salidas/salidas20250330.zip","2025-03-31"
"salidas20250329.zip","https://storage.googleapis.com/validaciones_tmsa/Salidas/salidas20250329.zip","2025-03-30"
"salidas20250328.zip","https://storage.googleapis.com/validaciones_tmsa/Salidas/salidas20250328.zip","2025-03-30"
"salidas20250327.zip","https://storage.googleapis.com/validaciones_tmsa/Salidas/salidas20250327.zip","2025-03-28"
"salidas20250326.zip","https://storage.googleapis.com/validaciones_tmsa/Salidas/salidas20250326.zip","2025-03-27"
"salidas20250325.zip","https://storage.googleapis.com/validaciones_tmsa/Salidas/salidas20250325.zip","2025-03-26"
"salidas20250324.zip","https://storage.googleapis.com/validaciones_tmsa/Salidas/salidas20250324.zip","2025-03-25"
"salidas20250323.zip","https://storage.googleapis.com/validaciones_tmsa/Salidas/salidas20250323.zip","2025-03-24"
"salidas20250322.zip","https://storage.googleapis.com/validaciones_tmsa/Salidas/salidas20250322.zip","2025-03-24"
"salidas20250321.zip","https://storage.googleapis.com/validaciones_tmsa/Salidas/salidas20250321.zip","2025-03-24"
"salidas20250320.zip","https://storage.googleapis.com/validaciones_tmsa/Salidas/salidas20250320.zip","2025-03-21"
"salidas20250319.zip","https://storage.googleapis.com/validaciones_tmsa/Salidas/salidas20250319.zip","2025-03-20"
"salidas20250318.zip","https://storage.googleapis.com/validaciones_tmsa/Salidas/salidas20250318.zip","2025-03-19"
"salidas20250317.zip","https://storage.googleapis.com/validaciones_tmsa/Salidas/salidas20250317.zip","2025-03-18"
"salidas20250316.zip","https://storage.googleapis.com/validaciones_tmsa/Salidas/salidas20250316.zip","2025-03-17"
"salidas20250315.zip","https://storage.googleapis.com/validaciones_tmsa/Salidas/salidas20250315.zip","2025-03-16"
"salidas20250314.zip","https://storage.googleapis.com/validaciones_tmsa/Salidas/salidas20250314.zip","2025-03-16"
"salidas20250313.zip","https://storage.googleapis.com/validaciones_tmsa/Salidas/salidas20250313.zip","2025-03-14"
"salidas20250312.zip","https://storage.googleapis.com/validaciones_tmsa/Salidas/salidas20250312.zip","2025-03-13"
"salidas20250311.zip","https://storage.googleapis.com/validaciones_tmsa/Salidas/salidas20250311.zip","2025-03-12"
"salidas20250310.zip","https://storage.googleapis.com/validaciones_tmsa/Salidas/salidas20250310.zip","2025-03-11"
"salidas20250309.zip","https://storage.googleapis.com/validaciones_tmsa/Salidas/salidas20250309.zip","2025-03-10"
"salidas20250308.zip","https://storage.googleapis.com/validaciones_tmsa/Salidas/salidas20250308.zip","2025-03-09"
"salidas20250307.zip","https://storage.googleapis.com/validaciones_tmsa/Salidas/salidas20250307.zip","2025-03-09"
"salidas20250306.zip","https://storage.googleapis.com/validaciones_tmsa/Salidas/salidas20250306.zip","2025-03-07"
"salidas20250305.zip","https://storage.googleapis.com/validaciones_tmsa/Salidas/salidas20250305.zip","2025-03-06"
"salidas20250304.zip","https://storage.googleapis.com/validaciones_tmsa/Salidas/salidas20250304.zip","2025-03-05"
"salidas20250303.zip","https://storage.googleapis.com/validaciones_tmsa/Salidas/salidas20250303.zip","2025-03-04"
"salidas20250302.zip","https://storage.googleapis.com/validaciones_tmsa/Salidas/salidas20250302.zip","2025-03-03"
"salidas20250301.zip","https://storage.googleapis.com/validaciones_tmsa/Salidas/salidas20250301.zip","2025-03-02"
"salidas20250228.zip","https://storage.googleapis.com/validaciones_tmsa/Salidas/salidas20250228.zip","2025-03-02"
"salidas20250227.zip","https://storage.googleapis.com/validaciones_tmsa/Salidas/salidas20250227.zip","2025-03-02"
"salidas20250226.zip","https://storage.googleapis.com/validaciones_tmsa/Salidas/salidas20250226.zip","2025-02-28"
"salidas20250225.zip","https://storage.googleapis.com/validaciones_tmsa/Salidas/salidas20250225.zip","2025-02-27"
"salidas20250224.zip","https://storage.googleapis.com/validaciones_tmsa/Salidas/salidas20250224.zip","2025-02-25"
"salidas20250223.zip","https://storage.googleapis.com/validaciones_tmsa/Salidas/salidas20250223.zip","2025-02-24"
"salidas20250222.zip","https://storage.googleapis.com/validaciones_tmsa/Salidas/salidas20250222.zip","2025-02-24"
"salidas20250221.zip","https://storage.googleapis.com/validaciones_tmsa/Salidas/salidas20250221.zip","2025-02-24"
"salidas20250220.zip","https://storage.googleapis.com/validaciones_tmsa/Salidas/salidas20250220.zip","2025-02-21"
"salidas20250219.zip","https://storage.googleapis.com/validaciones_tmsa/Salidas/salidas20250219.zip","2025-02-20"
"salidas20250218.zip","https://storage.googleapis.com/validaciones_tmsa/Salidas/salidas20250218.zip","2025-02-19"
"salidas20250217.zip","https://storage.googleapis.com/validaciones_tmsa/Salidas/salidas20250217.zip","2025-02-18"
"salidas20250216.zip","https://storage.googleapis.com/validaciones_tmsa/Salidas/salidas20250216.zip","2025-02-17"
"salidas20250215.zip","https://storage.googleapis.com/validaciones_tmsa/Salidas/salidas20250215.zip","2025-02-17"
"salidas20250214.zip","https://storage.googleapis.com/validaciones_tmsa/Salidas/salidas20250214.zip","2025-02-17"
"salidas20250213.zip","https://storage.googleapis.com/validaciones_tmsa/Salidas/salidas20250213.zip","2025-02-14"
"salidas20250212.zip","https://storage.googleapis.com/validaciones_tmsa/Salidas/salidas20250212.zip","2025-02-13"
"salidas20250211.zip","https://storage.googleapis.com/validaciones_tmsa/Salidas/salidas20250211.zip","2025-02-12"
"salidas20250210.zip","https://storage.googleapis.com/validaciones_tmsa/Salidas/salidas20250210.zip","2025-02-11"
"salidas20250209.zip","https://storage.googleapis.com/validaciones_tmsa/Salidas/salidas20250209.zip","2025-02-10"
"salidas20250208.zip","https://storage.googleapis.com/validaciones_tmsa/Salidas/salidas20250208.zip","2025-02-09"
"salidas20250207.zip","https://storage.googleapis.com/validaciones_tmsa/Salidas/salidas20250207.zip","2025-02-09"
"salidas20250206.zip","https://storage.googleapis.com/validaciones_tmsa/Salidas/salidas20250206.zip","2025-02-07"
"salidas20250205.zip","https://storage.googleapis.com/validaciones_tmsa/Salidas/salidas20250205.zip","2025-02-06"
"salidas20250204.zip","https://storage.googleapis.com/validaciones_tmsa/Salidas/salidas20250204.zip","2025-02-05"
"salidas20250203.zip","https://storage.googleapis.com/validaciones_tmsa/Salidas/salidas20250203.zip","2025-02-04"
"salidas20250202.zip","https://storage.googleapis.com/validaciones_tmsa/Salidas/salidas20250202.zip","2025-02-04"
"salidas20250201.zip","https://storage.googleapis.com/validaciones_tmsa/Salidas/salidas20250201.zip","2025-02-04"
"salidas2025020.zip","https://storage.googleapis.com/validaciones_tmsa/Salidas/salidas2025020.zip","2025-02-07"
"salidas20250131.zip","https://storage.googleapis.com/validaciones_tmsa/Salidas/salidas20250131.zip","2025-02-01"
"salidas20250130.zip","https://storage.googleapis.com/validaciones_tmsa/Salidas/salidas20250130.zip","2025-01-31"
"salidas20250129.zip","https://storage.googleapis.com/validaciones_tmsa/Salidas/salidas20250129.zip","2025-01-30"
"salidas20250128.zip","https://storage.googleapis.com/validaciones_tmsa/Salidas/salidas20250128.zip","2025-01-29"
"salidas20250127.zip","https://storage.googleapis.com/validaciones_tmsa/Salidas/salidas20250127.zip","2025-01-28"
"salidas20250126.zip","https://storage.googleapis.com/validaciones_tmsa/Salidas/salidas20250126.zip","2025-01-27"
"salidas20250125.zip","https://storage.googleapis.com/validaciones_tmsa/Salidas/salidas20250125.zip","2025-01-27"
"salidas20250124.zip","https://storage.googleapis.com/validaciones_tmsa/Salidas/salidas20250124.zip","2025-01-25"
"salidas20250123.zip","https://storage.googleapis.com/validaciones_tmsa/Salidas/salidas20250123.zip","2025-01-24"
"salidas20250122.zip","https://storage.googleapis.com/validaciones_tmsa/Salidas/salidas20250122.zip","2025-01-23"
"salidas20250121.zip","https://storage.googleapis.com/validaciones_tmsa/Salidas/salidas20250121.zip","2025-01-23"
"salidas20250120.zip","https://storage.googleapis.com/validaciones_tmsa/Salidas/salidas20250120.zip","2025-01-21"
"salidas20250119.zip","https://storage.googleapis.com/validaciones_tmsa/Salidas/salidas20250119.zip","2025-01-20"
"salidas20250118.zip","https://storage.googleapis.com/validaciones_tmsa/Salidas/salidas20250118.zip","2025-01-19"
"salidas20250117.zip","https://storage.googleapis.com/validaciones_tmsa/Salidas/salidas20250117.zip","2025-01-19"
"salidas20250116.zip","https://storage.googleapis.com/validaciones_tmsa/Salidas/salidas20250116.zip","2025-01-17"
"salidas20250115.zip","https://storage.googleapis.com/validaciones_tmsa/Salidas/salidas20250115.zip","2025-01-16"
"salidas20250114.zip","https://storage.googleapis.com/validaciones_tmsa/Salidas/salidas20250114.zip","2025-01-15"
"salidas20250113.zip","https://storage.googleapis.com/validaciones_tmsa/Salidas/salidas20250113.zip","2025-01-14"
"salidas20250112.zip","https://storage.googleapis.com/validaciones_tmsa/Salidas/salidas20250112.zip","2025-01-13"
"salidas20250111.zip","https://storage.googleapis.com/validaciones_tmsa/Salidas/salidas20250111.zip","2025-01-13"
"salidas20250110.zip","https://storage.googleapis.com/validaciones_tmsa/Salidas/salidas20250110.zip","2025-01-13"
"salidas20250109.zip","https://storage.googleapis.com/validaciones_tmsa/Salidas/salidas20250109.zip","2025-01-10"
"salidas20250108.zip","https://storage.googleapis.com/validaciones_tmsa/Salidas/salidas20250108.zip","2025-01-09"
"salidas20250107.zip","https://storage.googleapis.com/validaciones_tmsa/Salidas/salidas20250107.zip","2025-01-08"
"salidas20250106.zip","https://storage.googleapis.com/validaciones_tmsa/Salidas/salidas20250106.zip","2025-01-07"
"salidas20250105.zip","https://storage.googleapis.com/validaciones_tmsa/Salidas/salidas20250105.zip","2025-01-06"
"salidas20250104.zip","https://storage.googleapis.com/validaciones_tmsa/Salidas/salidas20250104.zip","2025-01-05"
"salidas20250103.zip","https://storage.googleapis.com/validaciones_tmsa/Salidas/salidas20250103.zip","2025-01-05"
"salidas20250102.zip","https://storage.googleapis.com/validaciones_tmsa/Salidas/salidas20250102.zip","2025-01-10"
"salidas20250101.zip","https://storage.googleapis.com/validaciones_tmsa/Salidas/salidas20250101.zip","2026-09-03"
"salidas20241231.zip","https://storage.googleapis.com/validaciones_tmsa/Salidas/salidas20241231.zip","2025-01-03"
"salidas20241230.zip","https://storage.googleapis.com/validaciones_tmsa/Salidas/salidas20241230.zip","2025-01-03"
"salidas20241229.zip","https://storage.googleapis.com/validaciones_tmsa/Salidas/salidas20241229.zip","2025-01-03"
"salidas20241228.zip","https://storage.googleapis.com/validaciones_tmsa/Salidas/salidas20241228.zip","2024-12-30"
"salidas20241227.zip","https://storage.googleapis.com/validaciones_tmsa/Salidas/salidas20241227.zip","2024-12-30"
"salidas20241226.zip","https://storage.googleapis.com/validaciones_tmsa/Salidas/salidas20241226.zip","2024-12-30"
"salidas20241225.zip","https://storage.googleapis.com/validaciones_tmsa/Salidas/salidas20241225.zip","2024-12-26"
"salidas20241224.zip","https://storage.googleapis.com/validaciones_tmsa/Salidas/salidas20241224.zip","2024-12-26"
"salidas20241223.zip","https://storage.googleapis.com/validaciones_tmsa/Salidas/salidas20241223.zip","2024-12-26"
"salidas20241222.zip","https://storage.googleapis.com/validaciones_tmsa/Salidas/salidas20241222.zip","2024-12-26"
"salidas20241221.zip","https://storage.googleapis.com/validaciones_tmsa/Salidas/salidas20241221.zip","2024-12-26"
"salidas20241220.zip","https://storage.googleapis.com/validaciones_tmsa/Salidas/salidas20241220.zip","2024-12-26"
"salidas20241219.zip","https://storage.googleapis.com/validaciones_tmsa/Salidas/salidas20241219.zip","2024-12-20"
"salidas20241218.zip","https://storage.googleapis.com/validaciones_tmsa/Salidas/salidas20241218.zip","2024-12-19"
"salidas20241217.zip","https://storage.googleapis.com/validaciones_tmsa/Salidas/salidas20241217.zip","2024-12-18"
"salidas20241216.zip","https://storage.googleapis.com/validaciones_tmsa/Salidas/salidas20241216.zip","2024-12-17"
"salidas20241215.zip","https://storage.googleapis.com/validaciones_tmsa/Salidas/salidas20241215.zip","2024-12-16"
"salidas20241214.zip","https://storage.googleapis.com/validaciones_tmsa/Salidas/salidas20241214.zip","2024-12-16"
"salidas20241213.zip","https://storage.googleapis.com/validaciones_tmsa/Salidas/salidas20241213.zip","2024-12-16"
"salidas20241212.zip","https://storage.googleapis.com/validaciones_tmsa/Salidas/salidas20241212.zip","2024-12-13"
"salidas20241211.zip","https://storage.googleapis.com/validaciones_tmsa/Salidas/salidas20241211.zip","2024-12-12"
"salidas20241210.zip","https://storage.googleapis.com/validaciones_tmsa/Salidas/salidas20241210.zip","2024-12-12"
"salidas20241209.zip","https://storage.googleapis.com/validaciones_tmsa/Salidas/salidas20241209.zip","2024-12-11"
"salidas20241208.zip","https://storage.googleapis.com/validaciones_tmsa/Salidas/salidas20241208.zip","2024-12-09"
"salidas20241207.zip","https://storage.googleapis.com/validaciones_tmsa/Salidas/salidas20241207.zip","2024-12-09"
"salidas20241206.zip","https://storage.googleapis.com/validaciones_tmsa/Salidas/salidas20241206.zip","2024-12-09"
"salidas20241205.zip","https://storage.googleapis.com/validaciones_tmsa/Salidas/salidas20241205.zip","2024-12-09"
"salidas20241204.zip","https://storage.googleapis.com/validaciones_tmsa/Salidas/salidas20241204.zip","2024-12-05"
"salidas20241203.zip","https://storage.googleapis.com/validaciones_tmsa/Salidas/salidas20241203.zip","2024-12-05"
"salidas20241202.zip","https://storage.googleapis.com/validaciones_tmsa/Salidas/salidas20241202.zip","2025-01-08"
"salidas20241201.zip","https://storage.googleapis.com/validaciones_tmsa/Salidas/salidas20241201.zip","2024-12-04"
"salidas20241130.zip","https://storage.googleapis.com/validaciones_tmsa/Salidas/salidas20241130.zip","2024-12-04"
"salidas20241129.zip","https://storage.googleapis.com/validaciones_tmsa/Salidas/salidas20241129.zip","2024-12-02"
"salidas20241128.zip","https://storage.googleapis.com/validaciones_tmsa/Salidas/salidas20241128.zip","2024-11-29"
"salidas20241127.zip","https://storage.googleapis.com/validaciones_tmsa/Salidas/salidas20241127.zip","2024-11-28"
"salidas20241126.zip","https://storage.googleapis.com/validaciones_tmsa/Salidas/salidas20241126.zip","2024-11-27"
"salidas20241125.zip","https://storage.googleapis.com/validaciones_tmsa/Salidas/salidas20241125.zip","2024-11-26"
"salidas20241124.zip","https://storage.googleapis.com/validaciones_tmsa/Salidas/salidas20241124.zip","2024-11-25"
"salidas20241123.zip","https://storage.googleapis.com/validaciones_tmsa/Salidas/salidas20241123.zip","2025-01-08"
"salidas20241122.zip","https://storage.googleapis.com/validaciones_tmsa/Salidas/salidas20241122.zip","2025-01-08"
"salidas20241121.zip","https://storage.googleapis.com/validaciones_tmsa/Salidas/salidas20241121.zip","2024-11-22"
"salidas20241120.zip","https://storage.googleapis.com/validaciones_tmsa/Salidas/salidas20241120.zip","2024-11-22"
"salidas20241119.zip","https://storage.googleapis.com/validaciones_tmsa/Salidas/salidas20241119.zip","2024-11-20"
"salidas20241118.zip","https://storage.googleapis.com/validaciones_tmsa/Salidas/salidas20241118.zip","2024-11-19"
"salidas20241117.zip","https://storage.googleapis.com/validaciones_tmsa/Salidas/salidas20241117.zip","2024-11-19"
"salidas20241116.zip","https://storage.googleapis.com/validaciones_tmsa/Salidas/salidas20241116.zip","2024-11-19"
"salidas20241115.zip","https://storage.googleapis.com/validaciones_tmsa/Salidas/salidas20241115.zip","2024-11-19"
"salidas20241114.zip","https://storage.googleapis.com/validaciones_tmsa/Salidas/salidas20241114.zip","2024-11-19"
"salidas20241113.zip","https://storage.googleapis.com/validaciones_tmsa/Salidas/salidas20241113.zip","2024-11-19"
"salidas20241112.zip","https://storage.googleapis.com/validaciones_tmsa/Salidas/salidas20241112.zip","2024-11-19"
"salidas20241111.zip","https://storage.googleapis.com/validaciones_tmsa/Salidas/salidas20241111.zip","2024-11-12"
"salidas20241110.zip","https://storage.googleapis.com/validaciones_tmsa/Salidas/salidas20241110.zip","2024-11-12"
"salidas20241109.zip","https://storage.googleapis.com/validaciones_tmsa/Salidas/salidas20241109.zip","2024-11-12"
"salidas20241108.zip","https://storage.googleapis.com/validaciones_tmsa/Salidas/salidas20241108.zip","2024-11-12"
"salidas20241107.zip","https://storage.googleapis.com/validaciones_tmsa/Salidas/salidas20241107.zip","2024-11-12"
"salidas20241106.zip","https://storage.googleapis.com/validaciones_tmsa/Salidas/salidas20241106.zip","2024-11-07"
"salidas20241105.zip","https://storage.googleapis.com/validaciones_tmsa/Salidas/salidas20241105.zip","2024-11-06"
"salidas20241104.zip","https://storage.googleapis.com/validaciones_tmsa/Salidas/salidas20241104.zip","2024-11-05"
"salidas20241103.zip","https://storage.googleapis.com/validaciones_tmsa/Salidas/salidas20241103.zip","2024-11-05"
"salidas20241102.zip","https://storage.googleapis.com/validaciones_tmsa/Salidas/salidas20241102.zip","2024-11-05"
"salidas20241101.zip","https://storage.googleapis.com/validaciones_tmsa/Salidas/salidas20241101.zip","2024-12-02"
"salidas20241031.zip","https://storage.googleapis.com/validaciones_tmsa/Salidas/salidas20241031.zip","2024-11-05"
"salidas20241030.zip","https://storage.googleapis.com/validaciones_tmsa/Salidas/salidas20241030.zip","2024-10-31"
"salidas20241029.zip","https://storage.googleapis.com/validaciones_tmsa/Salidas/salidas20241029.zip","2024-10-30"
"salidas20241028.zip","https://storage.googleapis.com/validaciones_tmsa/Salidas/salidas20241028.zip","2024-10-29"
"salidas20241027.zip","https://storage.googleapis.com/validaciones_tmsa/Salidas/salidas20241027.zip","2024-10-28"
"salidas20241026.zip","https://storage.googleapis.com/validaciones_tmsa/Salidas/salidas20241026.zip","2024-10-27"
"salidas20241025.zip","https://storage.googleapis.com/validaciones_tmsa/Salidas/salidas20241025.zip","2024-10-27"
"salidas20241024.zip","https://storage.googleapis.com/validaciones_tmsa/Salidas/salidas20241024.zip","2024-10-25"
"salidas20241023.zip","https://storage.googleapis.com/validaciones_tmsa/Salidas/salidas20241023.zip","2024-10-24"
"salidas20241022.zip","https://storage.googleapis.com/validaciones_tmsa/Salidas/salidas20241022.zip","2024-10-23"
"salidas20241021.zip","https://storage.googleapis.com/validaciones_tmsa/Salidas/salidas20241021.zip","2024-10-22"
"salidas20241020.zip","https://storage.googleapis.com/validaciones_tmsa/Salidas/salidas20241020.zip","2024-10-21"
"salidas20241019.zip","https://storage.googleapis.com/validaciones_tmsa/Salidas/salidas20241019.zip","2024-10-21"
"salidas20241018.zip","https://storage.googleapis.com/validaciones_tmsa/Salidas/salidas20241018.zip","2024-10-21"
"salidas20241017.zip","https://storage.googleapis.com/validaciones_tmsa/Salidas/salidas20241017.zip","2024-10-21"
"salidas20241016.zip","https://storage.googleapis.com/validaciones_tmsa/Salidas/salidas20241016.zip","2024-10-17"
"salidas20241015.zip","https://storage.googleapis.com/validaciones_tmsa/Salidas/salidas20241015.zip","2024-10-16"
"salidas20241014.zip","https://storage.googleapis.com/validaciones_tmsa/Salidas/salidas20241014.zip","2024-10-15"
"salidas20241013.zip","https://storage.googleapis.com/validaciones_tmsa/Salidas/salidas20241013.zip","2024-10-15"
"salidas20241012.zip","https://storage.googleapis.com/validaciones_tmsa/Salidas/salidas20241012.zip","2024-10-15"
"salidas20241011.zip","https://storage.googleapis.com/validaciones_tmsa/Salidas/salidas20241011.zip","2024-10-15"
"salidas20241010.zip","https://storage.googleapis.com/validaciones_tmsa/Salidas/salidas20241010.zip","2024-10-11"
"salidas20241009.zip","https://storage.googleapis.com/validaciones_tmsa/Salidas/salidas20241009.zip","2024-10-10"
"salidas20241008.zip","https://storage.googleapis.com/validaciones_tmsa/Salidas/salidas20241008.zip","2024-10-09"
"salidas20241007.zip","https://storage.googleapis.com/validaciones_tmsa/Salidas/salidas20241007.zip","2024-10-08"
"salidas20241006.zip","https://storage.googleapis.com/validaciones_tmsa/Salidas/salidas20241006.zip","2024-10-07"
"salidas20241005.zip","https://storage.googleapis.com/validaciones_tmsa/Salidas/salidas20241005.zip","2024-10-07"
"salidas20241004.zip","https://storage.googleapis.com/validaciones_tmsa/Salidas/salidas20241004.zip","2024-10-07"
"salidas20241003.zip","https://storage.googleapis.com/validaciones_tmsa/Salidas/salidas20241003.zip","2024-10-04"
"salidas20241002.zip","https://storage.googleapis.com/validaciones_tmsa/Salidas/salidas20241002.zip","2024-10-03"
"salidas20241001.zip","https://storage.googleapis.com/validaciones_tmsa/Salidas/salidas20241001.zip","2024-10-03"
"salidas20240930.zip","https://storage.googleapis.com/validaciones_tmsa/Salidas/salidas20240930.zip","2024-10-01"
"salidas20240929.zip","https://storage.googleapis.com/validaciones_tmsa/Salidas/salidas20240929.zip","2024-09-30"
"salidas20240928.zip","https://storage.googleapis.com/validaciones_tmsa/Salidas/salidas20240928.zip","2024-09-30"
"salidas20240927.zip","https://storage.googleapis.com/validaciones_tmsa/Salidas/salidas20240927.zip","2024-09-30"
"salidas20240926.zip","https://storage.googleapis.com/validaciones_tmsa/Salidas/salidas20240926.zip","2024-09-30"
"salidas20240925.zip","https://storage.googleapis.com/validaciones_tmsa/Salidas/salidas20240925.zip","2024-09-26"
"salidas20240924.zip","https://storage.googleapis.com/validaciones_tmsa/Salidas/salidas20240924.zip","2024-09-25"
"salidas20240923.zip","https://storage.googleapis.com/validaciones_tmsa/Salidas/salidas20240923.zip","2024-09-24"
"salidas20240922.zip","https://storage.googleapis.com/validaciones_tmsa/Salidas/salidas20240922.zip","2024-09-24"
"salidas20240921.zip","https://storage.googleapis.com/validaciones_tmsa/Salidas/salidas20240921.zip","2024-09-23"
"salidas20240920.zip","https://storage.googleapis.com/validaciones_tmsa/Salidas/salidas20240920.zip","2024-09-23"
"salidas20240919.zip","https://storage.googleapis.com/validaciones_tmsa/Salidas/salidas20240919.zip","2024-09-20"
"salidas20240918.zip","https://storage.googleapis.com/validaciones_tmsa/Salidas/salidas20240918.zip","2024-09-19"
"salidas20240917.zip","https://storage.googleapis.com/validaciones_tmsa/Salidas/salidas20240917.zip","2024-09-18"
"salidas20240916.zip","https://storage.googleapis.com/validaciones_tmsa/Salidas/salidas20240916.zip","2024-09-17"
"salidas20240915.zip","https://storage.googleapis.com/validaciones_tmsa/Salidas/salidas20240915.zip","2024-09-16"
"salidas20240914.zip","https://storage.googleapis.com/validaciones_tmsa/Salidas/salidas20240914.zip","2024-09-16"
"salidas20240913.zip","https://storage.googleapis.com/validaciones_tmsa/Salidas/salidas20240913.zip","2024-09-16"
"salidas20240912.zip","https://storage.googleapis.com/validaciones_tmsa/Salidas/salidas20240912.zip","2024-09-13"
"salidas20240911.zip","https://storage.googleapis.com/validaciones_tmsa/Salidas/salidas20240911.zip","2024-09-12"
"salidas20240910.zip","https://storage.googleapis.com/validaciones_tmsa/Salidas/salidas20240910.zip","2024-09-11"
"salidas20240909.zip","https://storage.googleapis.com/validaciones_tmsa/Salidas/salidas20240909.zip","2024-09-10"
"salidas20240908.zip","https://storage.googleapis.com/validaciones_tmsa/Salidas/salidas20240908.zip","2024-09-09"
"salidas20240907.zip","https://storage.googleapis.com/validaciones_tmsa/Salidas/salidas20240907.zip","2024-09-08"
"salidas20240906.zip","https://storage.googleapis.com/validaciones_tmsa/Salidas/salidas20240906.zip","2024-09-07"
"salidas20240905.zip","https://storage.googleapis.com/validaciones_tmsa/Salidas/salidas20240905.zip","2024-09-06"
"salidas20240904.zip","https://storage.googleapis.com/validaciones_tmsa/Salidas/salidas20240904.zip","2024-09-05"
"salidas20240903.zip","https://storage.googleapis.com/validaciones_tmsa/Salidas/salidas20240903.zip","2024-09-04"
"salidas20240902.zip","https://storage.googleapis.com/validaciones_tmsa/Salidas/salidas20240902.zip","2024-09-03"
"salidas20240901.zip","https://storage.googleapis.com/validaciones_tmsa/Salidas/salidas20240901.zip","2024-09-02"
"salidas20240831.zip","https://storage.googleapis.com/validaciones_tmsa/Salidas/salidas20240831.zip","2024-09-01"
"salidas20240830.zip","https://storage.googleapis.com/validaciones_tmsa/Salidas/salidas20240830.zip","2024-08-31"
"salidas20240829.zip","https://storage.googleapis.com/validaciones_tmsa/Salidas/salidas20240829.zip","2024-08-30"
"salidas20240828.zip","https://storage.googleapis.com/validaciones_tmsa/Salidas/salidas20240828.zip","2024-08-29"
"salidas20240827.zip","https://storage.googleapis.com/validaciones_tmsa/Salidas/salidas20240827.zip","2024-08-28"
"salidas20240826.zip","https://storage.googleapis.com/validaciones_tmsa/Salidas/salidas20240826.zip","2024-08-27"
"salidas20240825.zip","https://storage.googleapis.com/validaciones_tmsa/Salidas/salidas20240825.zip","2024-08-26"
"salidas20240824.zip","https://storage.googleapis.com/validaciones_tmsa/Salidas/salidas20240824.zip","2024-08-25"
"salidas20240823.zip","https://storage.googleapis.com/validaciones_tmsa/Salidas/salidas20240823.zip","2024-08-24"
"salidas20240822.zip","https://storage.googleapis.com/validaciones_tmsa/Salidas/salidas20240822.zip","2024-08-23"
"salidas20240821.zip","https://storage.googleapis.com/validaciones_tmsa/Salidas/salidas20240821.zip","2024-08-22"
"salidas20240820.zip","https://storage.googleapis.com/validaciones_tmsa/Salidas/salidas20240820.zip","2024-08-21"
"salidas20240819.zip","https://storage.googleapis.com/validaciones_tmsa/Salidas/salidas20240819.zip","2024-08-20"
"salidas20240818.zip","https://storage.googleapis.com/validaciones_tmsa/Salidas/salidas20240818.zip","2024-08-19"
"salidas20240817.zip","https://storage.googleapis.com/validaciones_tmsa/Salidas/salidas20240817.zip","2024-08-18"
"salidas20240816.zip","https://storage.googleapis.com/validaciones_tmsa/Salidas/salidas20240816.zip","2024-08-17"
"salidas20240815.zip","https://storage.googleapis.com/validaciones_tmsa/Salidas/salidas20240815.zip","2024-08-16"
"salidas20240814.zip","https://storage.googleapis.com/validaciones_tmsa/Salidas/salidas20240814.zip","2024-08-15"
"salidas20240813.zip","https://storage.googleapis.com/validaciones_tmsa/Salidas/salidas20240813.zip","2024-08-14"
"salidas20240812.zip","https://storage.googleapis.com/validaciones_tmsa/Salidas/salidas20240812.zip","2024-08-13"
"salidas20240811.zip","https://storage.googleapis.com/validaciones_tmsa/Salidas/salidas20240811.zip","2024-08-12"
"salidas20240810.zip","https://storage.googleapis.com/validaciones_tmsa/Salidas/salidas20240810.zip","2024-08-11"
"salidas20240809.zip","https://storage.googleapis.com/validaciones_tmsa/Salidas/salidas20240809.zip","2024-08-10"
"salidas20240808.zip","https://storage.googleapis.com/validaciones_tmsa/Salidas/salidas20240808.zip","2024-08-09"
"salidas20240807.zip","https://storage.googleapis.com/validaciones_tmsa/Salidas/salidas20240807.zip","2024-08-08"
"salidas20240806.zip","https://storage.googleapis.com/validaciones_tmsa/Salidas/salidas20240806.zip","2024-08-07"
"salidas20240805.zip","https://storage.googleapis.com/validaciones_tmsa/Salidas/salidas20240805.zip","2024-08-06"
"salidas20240804.zip","https://storage.googleapis.com/validaciones_tmsa/Salidas/salidas20240804.zip","2024-08-05"
"salidas20240803.zip","https://storage.googleapis.com/validaciones_tmsa/Salidas/salidas20240803.zip","2024-08-04"
"salidas20240802.zip","https://storage.googleapis.com/validaciones_tmsa/Salidas/salidas20240802.zip","2024-08-03"
"salidas20240801.zip","https://storage.googleapis.com/validaciones_tmsa/Salidas/salidas20240801.zip","2024-08-02"
"salidas20240731.zip","https://storage.googleapis.com/validaciones_tmsa/Salidas/salidas20240731.zip","2024-08-01"
"salidas20240730.zip","https://storage.googleapis.com/validaciones_tmsa/Salidas/salidas20240730.zip","2024-07-31"
"salidas20240729.zip","https://storage.googleapis.com/validaciones_tmsa/Salidas/salidas20240729.zip","2024-07-30"
"salidas20240728.zip","https://storage.googleapis.com/validaciones_tmsa/Salidas/salidas20240728.zip","2024-07-29"
"salidas20240727.zip","https://storage.googleapis.com/validaciones_tmsa/Salidas/salidas20240727.zip","2024-07-28"
"salidas20240726.zip","https://storage.googleapis.com/validaciones_tmsa/Salidas/salidas20240726.zip","2024-07-27"
"salidas20240725.zip","https://storage.googleapis.com/validaciones_tmsa/Salidas/salidas20240725.zip","2024-07-26"
"salidas20240724.zip","https://storage.googleapis.com/validaciones_tmsa/Salidas/salidas20240724.zip","2024-07-25"
"salidas20240723.zip","https://storage.googleapis.com/validaciones_tmsa/Salidas/salidas20240723.zip","2024-07-24"
"salidas20240722.zip","https://storage.googleapis.com/validaciones_tmsa/Salidas/salidas20240722.zip","2024-07-23"
"salidas20240721.zip","https://storage.googleapis.com/validaciones_tmsa/Salidas/salidas20240721.zip","2024-07-22"
"salidas20240720.zip","https://storage.googleapis.com/validaciones_tmsa/Salidas/salidas20240720.zip","2024-07-21"
"salidas20240719.zip","https://storage.googleapis.com/validaciones_tmsa/Salidas/salidas20240719.zip","2024-07-20"
"salidas20240718.zip","https://storage.googleapis.com/validaciones_tmsa/Salidas/salidas20240718.zip","2024-07-19"
"salidas20240717.zip","https://storage.googleapis.com/validaciones_tmsa/Salidas/salidas20240717.zip","2024-07-18"
"salidas20240716.zip","https://storage.googleapis.com/validaciones_tmsa/Salidas/salidas20240716.zip","2024-07-17"
"salidas20240715.zip","https://storage.googleapis.com/validaciones_tmsa/Salidas/salidas20240715.zip","2024-07-16"
"salidas20240714.zip","https://storage.googleapis.com/validaciones_tmsa/Salidas/salidas20240714.zip","2024-07-15"
"salidas20240713.zip","https://storage.googleapis.com/validaciones_tmsa/Salidas/salidas20240713.zip","2024-07-14"
"salidas20240712.zip","https://storage.googleapis.com/validaciones_tmsa/Salidas/salidas20240712.zip","2024-07-13"
"salidas20240711.zip","https://storage.googleapis.com/validaciones_tmsa/Salidas/salidas20240711.zip","2024-07-12"
"salidas20240710.zip","https://storage.googleapis.com/validaciones_tmsa/Salidas/salidas20240710.zip","2024-07-11"
"salidas20240709.zip","https://storage.googleapis.com/validaciones_tmsa/Salidas/salidas20240709.zip","2024-07-10"
"salidas20240708.zip","https://storage.googleapis.com/validaciones_tmsa/Salidas/salidas20240708.zip","2024-07-09"
"salidas20240707.zip","https://storage.googleapis.com/validaciones_tmsa/Salidas/salidas20240707.zip","2024-07-08"
"salidas20240706.zip","https://storage.googleapis.com/validaciones_tmsa/Salidas/salidas20240706.zip","2024-07-08"
"salidas20240705.zip","https://storage.googleapis.com/validaciones_tmsa/Salidas/salidas20240705.zip","2024-07-08"
"salidas20240704.zip","https://storage.googleapis.com/validaciones_tmsa/Salidas/salidas20240704.zip","2024-07-08"
"salidas20240703.zip","https://storage.googleapis.com/validaciones_tmsa/Salidas/salidas20240703.zip","2024-07-08"
"salidas20240702.zip","https://storage.googleapis.com/validaciones_tmsa/Salidas/salidas20240702.zip","2024-07-03"
"salidas20240701.zip","https://storage.googleapis.com/validaciones_tmsa/Salidas/salidas20240701.zip","2024-07-02"
"salidas20240630.zip","https://storage.googleapis.com/validaciones_tmsa/Salidas/salidas20240630.zip","2024-07-01"
"salidas20240629.zip","https://storage.googleapis.com/validaciones_tmsa/Salidas/salidas20240629.zip","2024-07-08"
"salidas20240628.zip","https://storage.googleapis.com/validaciones_tmsa/Salidas/salidas20240628.zip","2024-07-08"
"salidas20240627.zip","https://storage.googleapis.com/validaciones_tmsa/Salidas/salidas20240627.zip","2024-07-08"
"salidas20240626.zip","https://storage.googleapis.com/validaciones_tmsa/Salidas/salidas20240626.zip","2024-06-27"
"salidas20240625.zip","https://storage.googleapis.com/validaciones_tmsa/Salidas/salidas20240625.zip","2024-06-26"
"salidas20240520.zip","https://storage.googleapis.com/validaciones_tmsa/Salidas/salidas20240520.zip","2024-10-03"
"salidas20240511.zip","https://storage.googleapis.com/validaciones_tmsa/Salidas/salidas20240511.zip","2024-10-03"
"salidas20240301.zip","https://storage.googleapis.com/validaciones_tmsa/Salidas/salidas20240301.zip","2026-05-07"
