"route.id","alpha","aristas caidas"
"12067",0,556
"12067",0.05,551
"12067",0.1,551
"12067",0.15,549
"12067",0.2,547
"12067",0.25,565
"12067",0.3,557
"12067",0.35,554
"12067",0.4,551
"12067",0.45,548
"12067",0.5,544
"12067",0.55,542
"12067",0.6,540
"12067",0.65,535
"12067",0.7,533
"12067",0.75,526
"12067",0.8,522
"12067",0.85,520
"12067",0.9,528
"12067",0.95,523
"12067",1,429
"12067",1.05,392
"12067",1.1,390
"12067",1.15,370
"12067",1.2,365
"12067",1.25,362
"12067",1.3,323
"12067",1.35,351
"12067",1.4,302
"12067",1.45,324
"12067",1.5,358
"12067",1.55,309
"12067",1.6,68
"12067",1.65,66
"12067",1.7,63
"12067",1.75,55
"12067",1.8,38
"12067",1.85,40
"12067",1.9,47
"12067",1.95,47
"12067",2,44
"12067",2.05,42
"12067",2.1,73
"12067",2.15,72
"12067",2.2,53
"12067",2.25,4
"12067",2.3,4
"12067",2.35,4
"12067",2.4,3
"12067",2.45,3
"12067",2.5,3
"12067",2.55,3
"12067",2.6,3
"12067",2.65,3
"12067",2.7,3
"12067",2.75,3
"12067",2.8,3
"12067",2.85,3
"12067",2.9,3
"12067",2.95,3
"12067",3,3
"11878",0,532
"11878",0.05,557
"11878",0.1,559
"11878",0.15,557
"11878",0.2,557
"11878",0.25,557
"11878",0.3,555
"11878",0.35,553
"11878",0.4,552
"11878",0.45,549
"11878",0.5,548
"11878",0.55,543
"11878",0.6,541
"11878",0.65,538
"11878",0.7,537
"11878",0.75,535
"11878",0.8,533
"11878",0.85,531
"11878",0.9,528
"11878",0.95,524
"11878",1,425
"11878",1.05,385
"11878",1.1,390
"11878",1.15,412
"11878",1.2,394
"11878",1.25,363
"11878",1.3,370
"11878",1.35,373
"11878",1.4,347
"11878",1.45,29
"11878",1.5,336
"11878",1.55,31
"11878",1.6,312
"11878",1.65,30
"11878",1.7,30
"11878",1.75,24
"11878",1.8,2
"11878",1.85,2
"11878",1.9,2
"11878",1.95,1
"11878",2,1
"11878",2.05,1
"11878",2.1,1
"11878",2.15,1
"11878",2.2,1
"11878",2.25,1
"11878",2.3,1
"11878",2.35,1
"11878",2.4,1
"11878",2.45,1
"11878",2.5,1
"11878",2.55,1
"11878",2.6,1
"11878",2.65,1
"11878",2.7,1
"11878",2.75,1
"11878",2.8,1
"11878",2.85,0
"11878",2.9,0
"11878",2.95,0
"11878",3,0
"11997",0,577
"11997",0.05,574
"11997",0.1,569
"11997",0.15,566
"11997",0.2,563
"11997",0.25,562
"11997",0.3,560
"11997",0.35,557
"11997",0.4,556
"11997",0.45,554
"11997",0.5,551
"11997",0.55,547
"11997",0.6,545
"11997",0.65,543
"11997",0.7,543
"11997",0.75,542
"11997",0.8,538
"11997",0.85,536
"11997",0.9,534
"11997",0.95,532
"11997",1,0
"11997",1.05,0
"11997",1.1,0
"11997",1.15,0
"11997",1.2,0
"11997",1.25,0
"11997",1.3,0
"11997",1.35,0
"11997",1.4,0
"11997",1.45,0
"11997",1.5,0
"11997",1.55,0
"11997",1.6,0
"11997",1.65,0
"11997",1.7,0
"11997",1.75,0
"11997",1.8,0
"11997",1.85,0
"11997",1.9,0
"11997",1.95,0
"11997",2,0
"11997",2.05,0
"11997",2.1,0
"11997",2.15,0
"11997",2.2,0
"11997",2.25,0
"11997",2.3,0
"11997",2.35,0
"11997",2.4,0
"11997",2.45,0
"11997",2.5,0
"11997",2.55,0
"11997",2.6,0
"11997",2.65,0
"11997",2.7,0
"11997",2.75,0
"11997",2.8,0
"11997",2.85,0
"11997",2.9,0
"11997",2.95,0
"11997",3,0
"12881",0,542
"12881",0.05,560
"12881",0.1,553
"12881",0.15,569
"12881",0.2,565
"12881",0.25,561
"12881",0.3,559
"12881",0.35,557
"12881",0.4,556
"12881",0.45,554
"12881",0.5,551
"12881",0.55,546
"12881",0.6,545
"12881",0.65,543
"12881",0.7,543
"12881",0.75,539
"12881",0.8,535
"12881",0.85,532
"12881",0.9,523
"12881",0.95,509
"12881",1,402
"12881",1.05,403
"12881",1.1,369
"12881",1.15,389
"12881",1.2,382
"12881",1.25,379
"12881",1.3,323
"12881",1.35,389
"12881",1.4,364
"12881",1.45,341
"12881",1.5,339
"12881",1.55,5
"12881",1.6,4
"12881",1.65,4
"12881",1.7,4
"12881",1.75,4
"12881",1.8,4
"12881",1.85,4
"12881",1.9,4
"12881",1.95,4
"12881",2,4
"12881",2.05,4
"12881",2.1,2
"12881",2.15,2
"12881",2.2,2
"12881",2.25,2
"12881",2.3,2
"12881",2.35,2
"12881",2.4,2
"12881",2.45,2
"12881",2.5,2
"12881",2.55,2
"12881",2.6,2
"12881",2.65,2
"12881",2.7,2
"12881",2.75,2
"12881",2.8,2
"12881",2.85,2
"12881",2.9,2
"12881",2.95,2
"12881",3,1
"11875",0,513
"11875",0.05,564
"11875",0.1,551
"11875",0.15,555
"11875",0.2,554
"11875",0.25,552
"11875",0.3,549
"11875",0.35,546
"11875",0.4,543
"11875",0.45,543
"11875",0.5,541
"11875",0.55,536
"11875",0.6,532
"11875",0.65,538
"11875",0.7,548
"11875",0.75,538
"11875",0.8,532
"11875",0.85,518
"11875",0.9,510
"11875",0.95,508
"11875",1,363
"11875",1.05,394
"11875",1.1,419
"11875",1.15,387
"11875",1.2,391
"11875",1.25,338
"11875",1.3,327
"11875",1.35,361
"11875",1.4,367
"11875",1.45,311
"11875",1.5,299
"11875",1.55,320
"11875",1.6,340
"11875",1.65,306
"11875",1.7,280
"11875",1.75,307
"11875",1.8,280
"11875",1.85,290
"11875",1.9,42
"11875",1.95,309
"11875",2,27
"11875",2.05,27
"11875",2.1,27
"11875",2.15,27
"11875",2.2,21
"11875",2.25,20
"11875",2.3,20
"11875",2.35,21
"11875",2.4,21
"11875",2.45,17
"11875",2.5,23
"11875",2.55,23
"11875",2.6,23
"11875",2.65,21
"11875",2.7,17
"11875",2.75,17
"11875",2.8,17
"11875",2.85,17
"11875",2.9,10
"11875",2.95,4
"11875",3,4
"13009",0,562
"13009",0.05,564
"13009",0.1,570
"13009",0.15,565
"13009",0.2,560
"13009",0.25,559
"13009",0.3,557
"13009",0.35,554
"13009",0.4,553
"13009",0.45,551
"13009",0.5,547
"13009",0.55,543
"13009",0.6,541
"13009",0.65,539
"13009",0.7,539
"13009",0.75,538
"13009",0.8,529
"13009",0.85,528
"13009",0.9,526
"13009",0.95,521
"13009",1,437
"13009",1.05,426
"13009",1.1,391
"13009",1.15,394
"13009",1.2,391
"13009",1.25,404
"13009",1.3,365
"13009",1.35,350
"13009",1.4,348
"13009",1.45,332
"13009",1.5,345
"13009",1.55,56
"13009",1.6,52
"13009",1.65,6
"13009",1.7,6
"13009",1.75,5
"13009",1.8,2
"13009",1.85,2
"13009",1.9,2
"13009",1.95,2
"13009",2,2
"13009",2.05,2
"13009",2.1,2
"13009",2.15,2
"13009",2.2,2
"13009",2.25,2
"13009",2.3,2
"13009",2.35,0
"13009",2.4,0
"13009",2.45,0
"13009",2.5,0
"13009",2.55,0
"13009",2.6,0
"13009",2.65,0
"13009",2.7,0
"13009",2.75,0
"13009",2.8,0
"13009",2.85,0
"13009",2.9,0
"13009",2.95,0
"13009",3,0
"11913",0,557
"11913",0.05,560
"11913",0.1,581
"11913",0.15,576
"11913",0.2,575
"11913",0.25,572
"11913",0.3,569
"11913",0.35,564
"11913",0.4,560
"11913",0.45,558
"11913",0.5,558
"11913",0.55,554
"11913",0.6,551
"11913",0.65,550
"11913",0.7,546
"11913",0.75,546
"11913",0.8,542
"11913",0.85,540
"11913",0.9,546
"11913",0.95,538
"11913",1,441
"11913",1.05,428
"11913",1.1,369
"11913",1.15,349
"11913",1.2,349
"11913",1.25,353
"11913",1.3,348
"11913",1.35,320
"11913",1.4,344
"11913",1.45,322
"11913",1.5,331
"11913",1.55,292
"11913",1.6,328
"11913",1.65,324
"11913",1.7,312
"11913",1.75,310
"11913",1.8,318
"11913",1.85,325
"11913",1.9,297
"11913",1.95,296
"11913",2,293
"11913",2.05,288
"11913",2.1,302
"11913",2.15,237
"11913",2.2,254
"11913",2.25,28
"11913",2.3,28
"11913",2.35,28
"11913",2.4,28
"11913",2.45,27
"11913",2.5,20
"11913",2.55,23
"11913",2.6,23
"11913",2.65,23
"11913",2.7,23
"11913",2.75,21
"11913",2.8,15
"11913",2.85,15
"11913",2.9,15
"11913",2.95,15
"11913",3,20
"10075",0,539
"10075",0.05,535
"10075",0.1,546
"10075",0.15,542
"10075",0.2,536
"10075",0.25,533
"10075",0.3,528
"10075",0.35,532
"10075",0.4,529
"10075",0.45,535
"10075",0.5,543
"10075",0.55,542
"10075",0.6,536
"10075",0.65,535
"10075",0.7,533
"10075",0.75,527
"10075",0.8,522
"10075",0.85,521
"10075",0.9,518
"10075",0.95,510
"10075",1,440
"10075",1.05,398
"10075",1.1,396
"10075",1.15,405
"10075",1.2,394
"10075",1.25,379
"10075",1.3,370
"10075",1.35,355
"10075",1.4,359
"10075",1.45,330
"10075",1.5,366
"10075",1.55,322
"10075",1.6,15
"10075",1.65,343
"10075",1.7,332
"10075",1.75,23
"10075",1.8,22
"10075",1.85,20
"10075",1.9,20
"10075",1.95,15
"10075",2,14
"10075",2.05,14
"10075",2.1,14
"10075",2.15,14
"10075",2.2,13
"10075",2.25,13
"10075",2.3,13
"10075",2.35,10
"10075",2.4,0
"10075",2.45,0
"10075",2.5,0
"10075",2.55,0
"10075",2.6,0
"10075",2.65,0
"10075",2.7,0
"10075",2.75,0
"10075",2.8,0
"10075",2.85,0
"10075",2.9,0
"10075",2.95,0
"10075",3,0
"11231",0,573
"11231",0.05,570
"11231",0.1,566
"11231",0.15,564
"11231",0.2,561
"11231",0.25,561
"11231",0.3,558
"11231",0.35,556
"11231",0.4,555
"11231",0.45,553
"11231",0.5,550
"11231",0.55,546
"11231",0.6,541
"11231",0.65,539
"11231",0.7,539
"11231",0.75,538
"11231",0.8,534
"11231",0.85,532
"11231",0.9,530
"11231",0.95,528
"11231",1,0
"11231",1.05,0
"11231",1.1,0
"11231",1.15,0
"11231",1.2,0
"11231",1.25,0
"11231",1.3,0
"11231",1.35,0
"11231",1.4,0
"11231",1.45,0
"11231",1.5,0
"11231",1.55,0
"11231",1.6,0
"11231",1.65,0
"11231",1.7,0
"11231",1.75,0
"11231",1.8,0
"11231",1.85,0
"11231",1.9,0
"11231",1.95,0
"11231",2,0
"11231",2.05,0
"11231",2.1,0
"11231",2.15,0
"11231",2.2,0
"11231",2.25,0
"11231",2.3,0
"11231",2.35,0
"11231",2.4,0
"11231",2.45,0
"11231",2.5,0
"11231",2.55,0
"11231",2.6,0
"11231",2.65,0
"11231",2.7,0
"11231",2.75,0
"11231",2.8,0
"11231",2.85,0
"11231",2.9,0
"11231",2.95,0
"11231",3,0
"10039",0,543
"10039",0.05,563
"10039",0.1,561
"10039",0.15,557
"10039",0.2,556
"10039",0.25,555
"10039",0.3,552
"10039",0.35,549
"10039",0.4,551
"10039",0.45,549
"10039",0.5,545
"10039",0.55,544
"10039",0.6,542
"10039",0.65,541
"10039",0.7,541
"10039",0.75,540
"10039",0.8,534
"10039",0.85,526
"10039",0.9,535
"10039",0.95,529
"10039",1,429
"10039",1.05,442
"10039",1.1,390
"10039",1.15,373
"10039",1.2,395
"10039",1.25,397
"10039",1.3,374
"10039",1.35,369
"10039",1.4,329
"10039",1.45,2
"10039",1.5,2
"10039",1.55,2
"10039",1.6,2
"10039",1.65,0
"10039",1.7,0
"10039",1.75,0
"10039",1.8,0
"10039",1.85,0
"10039",1.9,0
"10039",1.95,0
"10039",2,0
"10039",2.05,0
"10039",2.1,0
"10039",2.15,0
"10039",2.2,0
"10039",2.25,0
"10039",2.3,0
"10039",2.35,0
"10039",2.4,0
"10039",2.45,0
"10039",2.5,0
"10039",2.55,0
"10039",2.6,0
"10039",2.65,0
"10039",2.7,0
"10039",2.75,0
"10039",2.8,0
"10039",2.85,0
"10039",2.9,0
"10039",2.95,0
"10039",3,0
